teacher,course,comment,score
詹授合,阿拉伯世界-生活與經貿,這門課滿像演講，不用考試，老師常常跟我們分享他去阿拉伯工作的見聞，偶爾也會邀請一些在國外工作的人分享他們的趣事,2.4
忘了抱歉,通識-毒化物,不難，可以不去上課，最後一節繳交作業兼點名即可。,1
何麗齡,實用營養學,人真的很好,1.6
林賢治,國際關係,不用什麼基礎，人來就好，老師人很好，都是第二節上課才傳點名單 ，偶爾會直接點名,8
黎淑慧,行政學,給分都很高,1.6
王祖淼,儒道思想學情緒管理,就聽老師講一些儒道思想，他也會問同學們哪裡有問題還有感想，所以要認真聽喔,3.6
陳奕靜,智慧城市與行動應用,壓力不大,0
陳俊卿,經濟與生活,有點類似高中的公民,0
何麗齡,營養與健康,只要認真聽就會了，考前老師的複習一定要聽，回去看一看就90幾了,4
盧韋聿,世界音樂文化,廢課一節，唯一有趣的是每節老師上課穿的衣服都很特別。,3.2
楊裕仁,生涯規劃,老師會點人回答看了電影有甚麼啟發?然後延伸到做人處世的道理和自己的生涯應該如何規劃,2
楊郁仁,生涯規劃,上課第一節課看電影，第二節課討論電影心得,0
賴奇厚,食品衛生與安全,"老師會跟你說自己以前出國留學的事,還會安排實驗課程,上過之後都覺得非常有趣,總成績大家也都給很高,推",8
葉美玲,智慧城市與實物分析,爽過～出席率不要太低 ，老師人很好,1.6
李允中,臺灣政治經濟發展,老師上課超好玩的啦 但是是全英文上課,3
紀文章,紀錄片製作,拍攝技巧,0
劉南英,民法實用,考前畫重點+open book,1
吳珮瑄,化妝品科學與生活時尚,老師都會跟著時事一起講，每次上課內容都很豐富，也很實用，就算是沒有化妝品基礎或是化學底子的人來上課，老師都可以講的很清楚，讓你可以很容易理解我們在上什麼,14.4
邵祖威,多元文化,老師是歷史老師 也會跟我們說說世界觀,0
潘才學,心理學整合與發展,老師人很好，也很認真準備PPT上課內容，常會分享生活瑣事，會點名請同學回答問題會加分，到後來他會常點一些比較認識的同學。課程是比較麻煩一點，但可以從老師身上學到東西，每次上課上完都會有同學留下來跟老師聊天。,8.4
楊裕仁,生涯規劃,老師人很好！,1.6
葉怡巖,生命科學,老師的板書很漂亮，PPT內容也很豐富,0
黃圻文,生命的藝術,老師很有趣,1.6
楊美美,應用文,老式上課很無聊，幾乎沒人在聽，台下睡一遍，可是作業有教，考試前讀一下，基本上會過。點名幾乎隨機抽點，很少點全班。,-3.2
王祥齡,文學、電影、DIY,基本上組員很重要,1.6
金尚浩,現代韓國社會和文化,上課內容頗多元，有看韓國連續劇、電影，聽韓國流行歌，介紹韓國體育飲食政治等等，但是有時候都聽老師在說話有點無聊。,-1.2
林賢治,國際關係,不難,1
戴瑞坤,中國文物欣賞,上課幾乎老師都很認真在講解中國文物的東西，書、畫、紙鎮，有很多奇怪的東西，老師也會帶自己的收藏讓大家欣賞,4.8
彭妙卿,詩詞欣賞,上課很無聊 認真聽學到蠻多 考試都考筆記啊,0
黃圻文,生命的藝術,上課很輕鬆看看影片而已,1.6
劉文甦,衛星科技應用,基本上絕對輕鬆拿高分過,3
朱文祺,創新綠色科技,手機不要拿起來滑就好,3.2
劉杜鎮,醫學與人生,上課就是講醫學相關的知識 然後會穿插老師出去國外旅遊的照片和小故事,4
經觀榮,人生哲學,基本上想認真聽課有點難（聽不懂他在說什麼 講話不太清楚）沒關係多半時間放影片,0
黎淑慧,行政學,不能吃早餐,0
黃登煌,倫理道德與生命哲學,老師的規矩就是上課不要聊天，抓到會扣分。,1
吳秀英,應用文,會印很多講義，可是不太需要，老師上課常說自己的事，考試的東西記得抄，考試要到，很好過。,6.4
潘才學,性別教育與服務-學習,就是講性別相關的事情，老師人蠻和藹可親的。,2
楊美美,文學與生活,給分的有點嚴格 要拿高分很難 但上課可以耍廢 很涼,0
蔡曉伶,西洋文學與文化,老師人蠻好的只是很愛點名，上課做其他事不會管,4.8
黃智瑛,音樂與人生,我覺得還是稍微有音樂基礎或是對古典樂有很大熱忱的，比較適合選這門通識,2.4
梁煌儀,古典文學,要勤勞抄筆記,2
黎淑慧,行政學,老師脾氣急躁,-1
滿肇怡,投資與理財,對非相關科系的學生難易度大概是中等，老師都幾乎照課本念，大概期中考前兩節課加起來只上一節課，放假都算準準的，點名是形式上的點名而已,4
李元璋,人生哲學,建議不要選,0
陳秀文,應用文,看似很輕鬆但上課真的很無聊老師很喜歡碎碎唸，基本上考前兩個禮拜去聽考試重點就好而且要交作業， 但不推薦給想賺學分的人因為老師有點難搞。,4.8
羅珮瑩,新聞與媒體,老師常常批評社會批評學生 上課真的專心聽會越聽越火大,1
楊裕仁,教育理論與實踐,老師會利用影片 再讓我們提出自己的心得想法 不古板的上課方式,1
李舒亭,美好時光社群劇場,交朋友玩團康的課，來放鬆減壓力的,0
吳元豐,倫理思維與社會正義,當你認真上課聽老師講話時，你會對從古至今的倫理道德一個認知，並相互串連起來，你會被老師給震撼到，或許會改變你一生的想法也說不定,6
楊裕仁,教育理論與實踐,老師超級好!!!!!!!選就對了,4.8
只有這一位,材料與生活應用,像是生活的化學之類的 不錯有趣,2
何麗齡,營養與健康,上課都在滑手機，老師很善良，認真聽可以學到知識和老師會分享在醫院的故事,8
彭瑞芝,觀光美儀與國際禮儀,滿好玩的可以學到很多東西,3.6
葉怡嚴,智慧財產權,老師上課都會舉例子,0
陳上元,智慧綠臺灣,不難但報告盡量要到,3
黎淑慧,行政學,上課都在講有關自己的事 覺得自己很厲害 浪費時間的課,-1.6
李元璋,人生哲學,老師很奇怪,0
張子揚,國際關係,老師會放新聞報導然後解說世界情勢。,0
楊裕仁,教育的理論與實踐,上課就是講孩子的教育，老師會播電影，然後大家一起討論。有時候會點人，會不會點到就看運氣囉～,3
張峰碩,居住與城市研究,英文基本就夠用,1
潘才學,心理學整合與發展,1.老師人很好、上課不無聊,0
黃登煌,倫理價值與生命哲學,報告評分，沒有一個標準，期中報告全班只有不到10個及格,2
黃志偉,氣候變遷對臺灣之衝擊,大推!!!,1.6
袁維勵,奈米科技與生活,教授各種化學相關東西，上課會看影片跟一些資料,1.2
林賢治,國際關係,上課用的講義要自費，老師會選同學幫大家印。老師上課會加入時事議題配合課程內容，認真上課能學習到很多知識,7
馬彥彬,資訊化社會,老師人很好 想槓麻就槓麻,3.2
蔡振志,社會學與生活體驗,"老師上課蠻有趣的,會分享一些故事",1.2
張瑞芬,現代散文,老師人好,0
王祥齡,文學、電影、DIY,好過（90分哦）,1
蔡宜宏,智慧財產之保護與實務,老師上課是用PPT，會舉例子說明各個法律的規定，上課一定要帶小六法，因為他會畫重點，解釋名詞是考他上課講過的重點，考試OPEN BOOK,7
潘才學,心理學整合與發展,有時會比較難理解但仔細聽過應該就可以明白了,3
張漢威,肇事科學鑑定實務,"nctu,但我覺得如果你是一個守交通規則的人,基本上是用不到這一門課的知識",3
何麗齡,實用營養學,生活的營養分配,0
宋明弘,初階智慧型創新,教你如何創新和技巧,1
余老師，真名忘了抱歉,智慧財產權,不需基礎，全理科也沒問題,2
王婉倫,統計學(一),老師會有自己製作的講義，老師上課很認真都會把該上的地方上好上玩，如果趕課的話，有問題的話老師會用其他時間來回答學生的問題，如果心情不好還可以找老師聊天談談心，完全就是位天使,16.2
林彩玉,微積分(一),老師會用自己的講義上課，會一題題解答，哪一題跟哪一題類似也會馬上跟大家，要大家融會貫通，如果有數學基礎的人，不想上課看老師的講義就可以自學；老師嘴巴比較賤一點，但幾乎都是開玩笑,9.6
張漢威,肇事科學鑑定實務,老師有兩個雙胞胎小孫子，上課很喜歡講他們的故事～如果這門通識沒搶到，也可以去修運管系上的選修，也是張漢威老師開的課，內容更多（因為一週三堂課）兩門我都有修過，真的超推！！,6
陳至還,貨幣銀行學,點名很重要,1.6
高夢定,計算機概論,老師人很nice,0
楊美美,國文（一）,我上課偶爾會睡覺～考試什麼的也是亂掰就會過了，真的是大佛,2
許義忠,貨幣銀行學,不需要有基礎，老師上課淺顯易懂,2
林暘桂,作業研究,老師教的超好，但是上課不能滑手機，要抄筆記,2
李元恕,行銷管理,老師人很好，上課很有趣不會睡著,3.2
顏秀吉,都市計畫,就是上課就過了,0
許慧雯,會計學（一）,照著課本上  講課用心 很好吸收,3.2
吳東憲,初級會計學,專心上課，弄懂主要單元的題型，就差不多了,2
劉宗欣,國際金融學,上課輕鬆有趣。表定六點其實都六點半才上課。晚餐慢慢吃看其他人急著去上課爽爽der,3
陳宏賓,微積分 商,老師上課很用心 沒在用課本 上課抄筆記就ok,3.2
黃正一,羽球,老師很認真，人也不錯，可以學到不少東西,3.2
王雅慧,英文閱讀,老師人很好！也很好聊！很可愛的一個老師！,4.8
林明洵,兒童文學,老師人很好，每次上課前都要先預讀一則故事，故事不會太長也都很有趣，上課時老師則是會和大家討論故事中的含義,9.6
林震燦,微積分,講的很詳細會把過程推導 但很容易睡著就是了,4.8
曾柏興,海運經營與管理,不多說 柏興就是棒,0
劉樹澤,行為科學,"這堂課像是管理心理學,其實都是很簡單的常識,不用基礎,只要考前照講義背一背一定好過,講義是老師自己編的",11.2
徐培晃,大一國文,上老師的課可以學到滿多東西的，也不會太無聊，聽不懂的話，老師都會換個方法再解釋一變。,1.6
林宗志,大一上微積分,不怕你不會！只怕你不要啊！,0
陳青文,編譯器,這堂課主要在學怎麼有linux打出自己一套的小程式，能學到的東西還蠻多的，老師也很用心備課跟教學,6.4
張景星,籃球 張景星,不用基礎 老師會教,2
鄭佩玉,高等會計學,上課難度100%艱深,-1
黃喚堂,室內裝潢設計,非常簡單     點名=簽到,0
林彩玉,微積分,老師會問妳問題,0
張雪玉,漫畫日語,我認為先上過基礎、進階還有日語語法再來選修比較好，老師上課會分析句子，所以需要懂一點文法,4.8
林立謙,線性代數,可惜聽不太懂他在講什麼,-1.6
林倖如,消費者保護法,基礎消費者所遇到糾紛及消保法含義，會舉案例讓同學深入瞭解。,1
吳如娟,作業管理,老師棒棒，自己思考在這門課很重要，會以ㄧ個產品或服務貫串整學期課程,4.8
張漢威,交通肇事科學,介紹發生車禍時善用法律知識讓自己不吃虧，實際車禍也可以打電話給老師求助,3
張育瑋,應用數理統計（一）,老師人很好,1.6
林慧洙,商用英文會話,每次一開始是播英文影片 ex:誰是接班人,1
盧裕山,太極（體育）,很不像想像中的太極老師很有趣認真想學太極就要私底下再問老師,1.6
伍昱睿,策略管理,老師是大陸一間很有規模的企業的CEO，人在一線的他會直接跟我們分享要怎麼賺錢、怎麼彈生意、怎麼面對客戶還有尋找新通路，以跳脫性的思維在教學，很適合未來打算從商的你來修課！！,6.4
陳立安,國文,上課方式有趣，淺而易懂，互動多，不無聊而且可以真的吸收到東西,3
廖重宏,民法概要,老師人超好也很會教,1.6
李文傳,個體經濟學,雖然老師有時候感覺好像是想講冷笑話，但是都不太好笑，可是人真的很好,3.2
洪英雪,國文,上課內容及教材多元、老師人很好且分數都給挺高、回答問題都會加分,2.4
劉士民,大學國文(一),老師叫你們預習就真的要看一下,1
林盈萱,日文一,老師人很好，超有耐心，上課又有趣，會有獎徵答加平時分,6.4
徐慧敏,銀行實務,"老師是講實務不是無聊的理論, 非常充實完全不會想睡, 大推～",3.2
簡正儀,財務報表分析,老師的講解深入淺出  非常清楚,3.6
施筱雲,大學國文,很好過！老師也很用心！,3.2
羅仙法,證券投資學,這堂課主要介紹股票，選擇權以及市場過去歷史，老師是學校財務長，且是學校退撫基金操盤手。,4
陳奎佑,有機化學,上課基礎至少要有普通化學的基本知識，然後至少要有豐富想像力，會想像圖形結構,4
劉南英,個人資料保護法,個資保護,1
侯柏宇,微積分,要有些基礎,2.4
王丕維,全民國防教育,老師人很好 上課也都會放勵志影片,3.2
鐘文伶,傳統藝術文化與技藝入門,老師上課十分有趣，對這方面的知識非常充足，常常補充一些有趣的事情，DIY也不會因美醜打分數,4.8
洪耀正,普通物理。電磁光,老師人很好 不太會管妳 上課非常認真,5.4
張桂芳,微積分,很棒,0
吳榮彬,抽樣調查,統計學（ㄧ）,0
張莉欣,景觀植物,老師人很好，所以沒什麼壓力,1.6
邱安安,會計學（一）,會計學一是給新手的會計學，所以不太難，當然老師會很有耐心的解釋問題，並且在考前做重點整理和複習,6.4
楊美美,大學國文（一）,教課很有耐心,1.6
李元恕,行銷管理,老師人很有趣，會講很多實例,1.6
伍昱睿,大陸與東協市場開發與通路管理,輕鬆高分過,3
賴泳龍等 四位老師,工具機專論,盡量多跟老師互動，老師也很有耐心都會回答的很詳細,4.8
李克聰,智慧型運輸系統,不會很難 而且很好玩,1.6
許煜亮,計算機概論,老師人很好上課一步一步帶很有耐心,3.2
陳孝武,微積分,老師人很好,1.6
張倉耀,大陸金融問題研究,很涼,0
吳如娟,作業管理,認真上課會學得很充實,1.6
楊基源,初等數論,老師很棒頭很亮上課會令人專心,3.2
吳蕙米,瑜珈,老師人超好上課很輕鬆活潑,4.8
朱南玉,統計學,老師個性超好,0
李文傳,經濟學(一),"這門課就是學經濟學的理論，課本是：Mankiw , Principle of Economics；老師上課很有趣，會提實際例子，而且他還懂生命靈數，最後一堂課有時間他還幫大家算一下，很棒的一位老師。",6.4
邱安安,會計學,同上~ 數學不好的不用太擔心，因為其實根本無關，有背就有分!,3.2
張美燕,人力資源管理,老師會上課本內容 接下來會分組報告,1
戴瑞坤,文物管理,老師經歷豐富，懂很多，上課常播影片，雖然早八，但是好過,1
盧鈺欣,會計學,老師講的淺顯易懂，人又很好！,1.6
王郁彬,餐旅行銷管理,非本系專業的學生來修也不會有負擔。,0
何子儀,電子學實習(一),教各種基本電子電路的實作，看波形等，助教人都很好，可以問很多問題,3.2
張漢威,肇事科學鑑定與實務,上各種車禍肇事鑑定，還有認識路啊~等等，對了，還要老師雙胞胎孫子哦XD,2.8
蘇恆毅,複變函數,老師上課很清楚，不管是本系或外系都可以修，內容都是由簡入深，不會說很難。,3.2
王雅慧,英文閱讀,零基礎都ok~,0
黃雅文,壽險數學,主要是叫大家保費計算，老師講課速度蠻快，基本上回家要再複習，我是外系選修選擇風保必修，覺得不需有基礎，老師都會上課抽人團體回答問題，老師可以借此知道學生學習狀況,5
陳德生,數位系統設計,基本上都是課本內容的講解，要先修過邏輯設計才會比較懂整個課程。,3
黃林禮,商業知能,本堂課是專門開給理工科背景的同學修的，因為科管系是商學院的但是經常有許多理工同學去報考，所以專門開了一堂商學的基礎概念課程給理工背景的同學，如果你是理工背景也想學些商科的課程卻不知從何下手，非常推薦這堂課唷！然後然後～只能說黃老是大佛阿！真的從來沒修過這麼佛的課～,7.5
張倉耀,貨幣銀行學,老師上課會提示考題，基本上總分130的話考120不是什麼大問題，超過100的部分加到平常成績去,3.2
李綉玲,文字學,只要對文字本身有興趣都蠻推薦的，不需要任何基礎，會寫字就行,4.8
劉佳哲,體育-網球,這堂課不管你之前有沒有基礎都可以來，老師會從基本開始教，循序漸進引導，而且很有耐心，老師他還曾經打過類似海碩盃的比賽，是個國手哦,10.5
張宜正,攀岩,1.很值得挑戰,0
徐光明,創業入門,要點名的前一個禮拜老師會說,1
許義忠,國際貿易與匯兌,上課要認真聽講!,1
王磊,高等微積分,不用基礎,1
李賜福,工程數學,老師上課講得很清楚，自己做的講義滿棒的，可惜老師的字有點醜有時候會看不懂 每堂必點名,0
廖和恩,通訊系統,老師講的很詳細,1.6
陳光政,會計學,只要不是成績太爛…老師都很給你過,0
楊明晶,財務管理,記得去東裕買萬年筆記 筆記上寫必考一定會出,2
陳裕益,微積分,老師教得很好很仔細,3.2
許義忠,國際貿易與匯兌,"老師上課很認真,會分享自己的事情,特別會一直提到陸生(!?)不過課程內容蠻難的,要認真讀書才可以過",7.5
許展嘉,英文(一)初級,完全不需要基礎,5.4
曾柏興,海運規劃與管理,"課程比較偏管理方面,跟架船造船的沒關係,所以主要還是在教關於船商事業的部分,老師人很好很溫和,可以跟他ㄠ考試出簡單一點",4.8
呂晃志,燃料電池,上課認真聽的話對有興趣的人有幫助，沒興趣的人有筆記也可以考高分，上課氣氛很隨意，不要吵到老師就好,3.2
林明言,資料庫系統,上課算很細心，很關心學生的學習狀況，能學到的東西不少，期末會有一個專題，但不會太複雜，只要肯學習，期末總成績一定都不會太差,8
李長署,產學合作倫理,老師人非常好，會講很多有關業界的事情跟他的人生歷練，跟你建立很多價值觀以及投資理財的概念，很會跟學生聊天且不限上下課,3.2
湛明暉,銷售推廣學,不用基礎 外系選修也很歡迎喔,3.2
楊明晶,財務管理,了解一些關於股市.債卷...的風險 利弊。老師知識深厚 可以好好詢問 他會為你解答所有疑惑,1.2
洪介偉,貨幣銀行學,課本可買可不買（但是功課題目在課本裡 不買的要去借書找題目）、只看老師ppt也行,2
湛明暉,銷售推廣學,上課內容聽聽就好，很輕鬆,3.2
施惠家,英文寫作（一）,老師很有耐心 無論有任何問題她都會認真回答 也會顧慮到每個人的程度,6.4
余詩芸,工英中級班-余詩芸,老師好笑有趣,2
彭德昭,經濟學一,上課一定要專心，不然會聽不懂，雖然有時候很兇，但是教的很好，很認真,9.6
呂晃志,環境科學概論,不用基礎，老師自己還翹過課,1
黃志銘,作業系統（一）,上作業系統基本概論，五大排程演算法，及各種不同演算法,2
高秀蘭,工程統計,老師想教會你,1
陳清標,測量學,難易度：易,1
林志敏,作業系統(一),講得很細、認真可以學到很多、但是講課速度也很慢，最後一堂會趕課,1
吳純純,微積分,老師用ptt上課，會講解公式證明和例題，再讓同學做練習,3
陳俊廷,基礎日語,老師會怕我們跟不上，所以會教的比較慢,0
黃雅文,壽險數學,上這門課完全不需要知道任何基礎，老師都會一個個公式一題題題目認真教，學生就上課認真筆記要寫就對了,16.2
王雅慧,英文閱讀,老師講話超快也很有趣,1.6
鄒繼楚,商業心理學,上課不用坐椅子 坐地板可以躺著上xd,2
陳至還,貨幣銀行學,學店生都能過,0
不知道欸...,戀愛心理學,可以學更多有關兩性的溝通,1.5
羅美文,余雅涵,基本都是課本 偶爾穿插教學影片,2
馬偉成,大學國文,老師個性不錯 不要遲到太誇張 會記住你。可以翹課,1.6
余美玲,文學與生活,對文學有興趣，樂於跟老師交流的話都可以選~~,2
陳至還,貨幣銀行學(ㄧ),無,0
溫傑華,運輸經濟,老師人很好 有發問 題型都是考古 一些是上課教過的,3.6
林育德,工程數學,教的普普 但好過,1
龐寶宏,社會福利與保險,老師喜歡互動，上課規則不能違規，不然老師會生氣，女生可缺5次，男生4次課。,0
宋建華,漢字文化學,老師人滿好的，不過上課無聊不過基本上不重視點名、考試又都會事先給考題真的超佛ㄚ！,3.2
簡士超,美學與產品創意,老師人很好，但要有喜歡的人修才不會那麼痛苦，因為報告很重要,6.4
吳紀瑩,經濟學,期中前高中的程度期中後一定要好好聽老師說噢!實習筆記要抄好抄滿!!,9
辛正和,電路學二,老師上課基本上用投影片上課,1
吳俊翰,高分子工程,這堂課坐前面且上課認真的話，老師容易記住你名字，被他記住有好沒壞，平時成績會較高，老師人也很好，不太管你上課在幹嘛，是門輕鬆好過的課。,12.8
林鴻圖,民法概要,老師上課嚴厲，但是是好老師，認真上課會學到很多,4.8
黃義欽,塗料化學,老師人很好，講得很清楚，每節課都會簽到點名，但他會挑最多人簽到的點名單上繳學校,6.4
陳長城,矩陣論,老師喜歡隨堂考也就是提早考試,1
王邁揚,民法概要,老師講的很詳細，聽不懂就算了XDD,1.6
陳文正,普通化學,期中期末考題從小考出,0
方瓊菀,微積分,高中有接觸一點微積分的基礎做延伸，老師人很好，會關心學生學習的狀態。,6.4
林宗志,工程數學(一),老師講解很快，推上課認真聽,2
劉平文,人際關係,不用基礎,1
陳志強,資電概論與倫理,唱you raise me up，請很多教授介紹電機系在幹嘛，各種廢話,0
黃承啟,民法概要,老師人很好，但上課要學到東西的話不建議選，因為真的很混，就算你坐在第一排算微積分他也不會管你，上課也是法條叫人唸一唸就莫名下課了，簡單來說，學分好賺分數高，但上課沒有收穫。,8
王光華,會計學,老師人很好，像媽媽，但學不到什麼，自學比較快,3.2
宋玉真,建築設計,同上，真的要看緣分，遇到好老師就是天堂。遇到壞老師就是地獄。,3.2
陳依依,經濟學,不會教,0
李英豪,微積分,老師會一直上他的,2
彭妙卿,國文,老師人不錯  會關心學生健康,4
不知道,化學,成為一個好公民,1.6
林菲,普通物理,這老師上課就是輕鬆上  講一講又來跟你聊天一下  講的內容也很少  但是就是很好過  總結就是  如果你缺學分  也沒有想學到太多東西就選他的課吧！,4.5
黃聰輝,服務業行銷,1.外系選修可,1.6
黃智彥,休閒事業管理,1.商學院可做外系選修,1.6
蘇啟榮,奈米科技概論,課堂會有參考書，老師會帶我們畫重點，然後告訴我們一些最新的奈米新聞，也會給我們看一些影片,3.6
王光華,會計學,這個老師教的不好，所以助教上的會計學實習課，一定要到，不然就真的什麼都沒學到，只是浪費時間,4
陳志強,高頻電路概論,上課算是輕鬆，但是必須回家練習作業，老師的想法也是希望大家可以自己練習過，考試不會刁鑽都是基本題，期中考後會發期中檢討記錄表，目的是希望學生可以檢視考差的原因，或分享如何考高分的，老師算是一個重視學生學習吸收程度的老師，但是可能講課不是特別清楚。,16
忘記了,工程倫理,老師人還好,0
朱心蘅,財務管理,個人不太推,1
林永森,工程數學,上課不停抄筆記，你想聽也聽不懂，建議買課本自己唸,1
鄭佩玉,高等會計學,難的要死。又沒耐心,0
黃志銘,計算機概論,最好先把整本C看過三遍,1
蕭敏學,電子學,上課主要在講解二極體的理論 應用等,1
林志敏,作業系統,給兩顆星是因為老師很煩 考試時間都要另外找 拿中午時間考小考 毛很多 不過其實很好過 demo都有做 期末考考古題背熟就高分過關,3.2
黃定彞,通訊系統概論,老師不太會教學，期中考前還可以靠自己讀懂，期末難度就無法自己讀懂了，不太推薦原因是真的想學的話可能這位老師不太適合，不過要拿學分的話背一背就可以通過考試了。,8
劉文榮,財務管理,教導有關財務管理方面，例如:利率 年金 報酬率計算之類的,0
李允中,創意思考,老師夠糟糕,-1
林憲鋒,實用英文,打混摸魚,0
林維鈞,微積分,需要英文基礎,2
黃秀芬,線性代數,老師很令人無言,0
黃娟娟,初級會計學,課本,0
袁維勵,計算機概論,雖然學長姐都說老師大佛,-1
吳如娟,作業管理,個性捉摸不定 不推,0
黃承啟,民法概要,上課主軸是以他的課本為主 還搭配小六法中的民法,2.4
賴炎卿,初級會計學,上課跟考試完全兩回事。。。,1.8
蔡雅芝,近代物理,呃…努力點吧。有時候努力也不見得懂 哈,1
林永森,工程數學,個性機車,0
吳榮彬,統計學,老師就是怪！沒在上課本的東西！導致段考都不會,0
癩鹽清,會計學,老師超爛  只會講講義還會講錯  超級地雷,1
沈明展,統計學,教授像補教業老師，講話速度快，笑裡藏刀型,0
蕭國鐘,企業概論,睡覺休息看書的好時間,1.6
李希奇,華語教學導論,李老師喜歡跟同學互動，會希望大家都有發言，問的問題都是教科書上的，所以上課前要花多點時間準備，蠻有壓力的，課程難度很高，確定要很有興趣再來修，不然真的蠻硬的 !,9.6
高秀蘭,統計學,老師會罵人,0
黃秀芬,線性代數,上的東西都蠻基礎的，聽不懂自己看考試也絕對沒問題，除非你只在考前才念書,1.8
梁寶芝,資訊概論與倫理,完全沒有技術,1.8
黃娟娟,初等會計學,回家多練習題目 一切都會上的很順,0
林羨峰,實用英文,Dont fucking pick this teacher! No actual benefit unless you just wanted to waste your time.,0
王光華,會計學,老師教的實在是…不予置評,3.2
陳星百,資訊安全管理,老師教的很沒有系統，學不到任何東西，講話很小聲，非常重點名，考試就算高分，但是點名有缺席紀錄，分數就給很低,3.2
趙宸紳,體育－羽球進階,老師人無敵好；第一節課的前20~30分鐘是在講解與球的規則、如何發球、如何殺球、如何接殺球、如果打單打、如何打雙打，很多很多，後面的時間就是暖身各自練習打球，可以雙打也可以單打，還會提前15分鐘下課,3.2
陳長城,微積分,筆記認真抄，考試會考,1
林瑞發,心理學,交期末報告就會過，有同學從沒去過86過,1.5
駱建陵,機率論,如果有不懂的題目，可以跟老師請益，老師會教到你懂為止。而且不止機率論的問題，如果有數量方法相關的疑問，或是想了解財務工程在作什麼，可以跟老師聊。,2.2
楊瑞彬,非破壞檢測,上的內容是平常接觸不到的，但有認真聽會很簡單～老師人很好，講的也很明瞭。,8
許澤善,土木系 工程數學,不會寫都能過,0
陳德生,邏輯設計,不需基礎，但如果能先預習就很棒了,1
陳益生,電路學(一),老師人佛不說，上課超認真，而且有時會教自己的算法，讓人更快懂，很棒的一位老師,2.8
袁世一,線性代數,線性代數,0
蘇啟榮,有機光電材料概論,老師很喜歡找人聊天哈哈，上課雖然沒人聽，但其實他講了很多不錯的時事，如果以後要走那些產業，可以了解了解。,9.6
王益文,微處理機系統,上課都在教觀念，基本上是滿佛的，上機考很重要，拿高分很簡單,6.4
劉森堯,散文選讀,這堂課滿輕鬆的，老師上課進度滿緩慢的，因為他很喜歡聊一些五四三,3.6
吳仰哲,財金概論,聽老師廢話,0
李希奇,華語教材與教法,建議有心要修華語學程的再來,1
彭德昭,國際貿易理論與政策,"不是必修課,絕對不會有人選的課",0
林純純,統計學,老師講話太好睡了,0
許懷中,資料庫系統,推,1
詹授合,阿拉伯世界-生活與經貿,只有上臺報告+期末A4心得而已,0
林賢治,中華民國憲法,期中期末都是申論題，老師會在考試前一兩堂課透露題目！沒有報告。,2
王祥齡,文學電影DIY,看影片討論、上臺報告,0
忘了抱歉,通識-毒化物,作業為每週找一篇與毒化物有關新聞，每週繳交即可。,0
何麗齡,實用營養學,期中還有多選  期末改全單選,0
林賢治,國際關係,考試是申論題，期中３題考６０分鐘，期末５題考９０分鐘，寫越多分數越高,1.5
黎淑慧,行政學,沒什麼作業,0
王祖淼,儒道思想學情緒管理,作業就發揮各位一點用心以及假掰的能力就可以hold住了,0
陳奕靜,智慧城市與行動應用,期中-地圖分析,0
陳俊卿,經濟與生活,沒作業,0
何麗齡,營養與健康,考試都選擇，有單選和二選，多選不一定,2
盧韋聿,世界音樂文化,期中考是聽力題目跟每次上課ppt上的三個問題，一模一樣所以好好準備一定能高分。期末是分組上臺報告15min。沒有作業。,6
楊裕仁,生涯規劃,期中考時只考了5題左右，都是申論題，題目會在考前一到兩個星期先說，讓同學回家自己思索,2
楊郁仁,生涯規劃,三題申論題，考前會提前公佈題目,1
賴奇厚,食品衛生與安全,其實沒有考到期中考因為那次剛好被非核家園的活動取代掉了,2
葉美玲,智慧城市與實物分析,上課完成心得作業 ，期末分組報告上課時會完成,1
李允中,臺灣政治經濟發展,作業有去校外教學 然後交心得報告 建議用全英文比較好喔,4.8
紀文章,紀錄片製作,期末影片報告,0
李建成,電影藝術專題講座,會邀請導演來分享，基本上作業有交出席狀況不差一定有80，但是心得千萬不要複製貼上，老師真的會抓。,6
劉南英,民法實用,考試從課本出，沒作業,0
吳珮瑄,化妝品科學與生活時尚,全部多選題，小考一題3分，共33題，答錯一個全錯。期中期末50題，一題2分，答錯一個全錯,0
邵祖威,多元文化,有一個小作業 但是課堂上回答問題就可以抵銷,2
潘才學,心理學整合與發展,期中期末都問答題，都考些上課講過的，但憑自己的想法寫也會高分，有2、3次心得作業，一開始會分組，期末要分組拍大概2、3分鐘的影片上台報告。期中前每次點名，第二節去也可補點，接近學期末就幾乎沒再點。,4.8
楊裕仁,生涯規劃,有看影片心得都很簡單,1.6
葉怡巖,生命科學,作業就是寫學習單,-1
黃圻文,生命的藝術,上課會看影片寫心得(3~5個)也有閱讀心得，外加寫書法上台分享,1
楊美美,應用文,考題是上課的講義會放在ilearn，他會講要她考的題型，選擇大概5題，幾乎都是問答，PPT內容超多根本背不完，突然會有上課作業大概兩次，下課前要教，他會給你範本可以模仿那個寫，其中一次是書信的格式,7
王祥齡,文學、電影、DIY,沒有考試,0
金尚浩,現代韓國社會和文化,期中考期末考都只有1題，自由發揮很簡單，限500字,1.6
林賢治,國際關係,考試皆為申論題,0
戴瑞坤,中國文物欣賞,考前會給一份講義，考題從講義上面出，寫越多越多分,0
彭妙卿,詩詞欣賞,考8，10個技巧,0
黃圻文,生命的藝術,沒有考試,0
劉文甦,衛星科技應用,考試帶自己手寫的筆記，從上課內容出題，一部分填空，一部分簡答,0
朱文祺,創新綠色科技,考前會勾題目給你回家看,1
劉杜鎮,醫學與人生,期中報告很簡單寫為什麼想選這門課,1.6
經觀榮,人生哲學,考試都是手寫（一定考課堂看的影片簡介和心得）、作業也是影片簡介心得、1500字遺書,4
黎淑慧,行政學,申論題，有二個報告,0
黃登煌,倫理道德與生命哲學,作業是申論，總共出10題,1
吳秀英,應用文,期中考公文，會提前給答案，期末考自傳，網路上找的到內容，作業是一篇閱讀心得。,3
潘才學,性別教育與服務-學習,都是報告，幾乎每節都有心得反思要寫，還有小組專題報告。,2
楊美美,文學與生活,考試都神論 考試前都會給 作業兩次回家賞析文章 一次分組報告,0
蔡曉伶,西洋文學與文化,有期中期末報告，考試給題庫選擇題佔90%,0
黃智瑛,音樂與人生,期中期末都是考聽曲子還有一些上課教過的音樂知識，期末交一份個人的音樂報告,1.2
梁煌儀,古典文學,全部問答題,0
黎淑慧,行政學,小組報告 申論題,0
滿肇怡,投資與理財,考試都是選擇題22題總分110，很多都是課本裡面很細的內容，例如年份啦，表格裡面其中一項啦等等...,2
李元璋,人生哲學,都是個人報告,1
陳秀文,應用文,每堂簽到，交一份作業（這學期是讀書心得），期中考講義背一背照抄，期末考open book。,1
羅珮瑩,新聞與媒體,期中報告是一篇新聞 老師主觀意識非常嚴重 除非寫到跟他的想法一樣 不然不會高分  期末考試有選擇題考時事 簡答題是上課內容 申論題是上課的講義,1.8
楊裕仁,教育理論與實踐,會有小組報告 考試為手寫問答題 大概三題,1
李舒亭,美好時光社群劇場,期末公演,0
劉南英,民法實用,考前畫重點都考重點的openbook申論題,2
吳元豐,倫理思維與社會正義,考試有選擇題跟申論題，題目老師都會提示，不難找，容易理解，作業就是看電影的心得而已，其實基本上是沒作業,5
楊裕仁,教育理論與實踐,問答題，全部都是自己的看法與心得,0
只有這一位,材料與生活應用,看你印的資料了喔 很簡單,1.6
何麗齡,營養與健康,MC，填空題，簡答題（寫出五個很多看不到油的食物），長答題（肥胖會引起甚麼疾病），都很簡單,3.2
葉怡嚴,智慧財產權,選擇+簡答,0
陳上元,智慧綠臺灣,報告一直報告,0
黎淑慧,行政學,全部申論題,0
李元璋,人生哲學,上課會發一本莊子叫我們回去要寫心得跟一些自己的想法  而且常常上臺報告,1.2
張子揚,國際關係,名詞解釋*多題,0
楊裕仁,教育的理論與實踐,期中考三題問答，考前會講題目，沒標準答案盡量寫就對了。,1
張峰碩,居住與城市研究,英文報告 三分鐘,0
潘才學,心理學整合與發展,1.考試：ilearn有上課PPT，但還是要去上課才比較知道重點在哪裡,2
黃登煌,倫理價值與生命哲學,期中，期末都是繳報告，題目是申論題,1
黃志偉,氣候變遷對臺灣之衝擊,期中跟期末報告都是分組做一份,1
袁維勵,奈米科技與生活,作業是每次課堂上的筆記，打在ilearn上，老師都會設一個期限,3
林賢治,國際關係,考試都是申論題，寫的有回答到老師的問題都滿高分的，沒有作業,5.4
馬彥彬,資訊化社會,期中有規定主題,0
蔡振志,社會學與生活體驗,"期中考是申論題,老師會提前給題目,當天考試可以帶自己找的資料去",2
張瑞芬,現代散文,幾乎沒作業 有的話就心得而已 有一個小組報告 期末考考上課補充講義跟幾題申論題,1
王祥齡,文學、電影、DIY,報告 影片要繳,0
蔡宜宏,智慧財產之保護與實務,1.沒有作業,0
潘才學,心理學整合與發展,期中考、期末考 、心得、情境模擬,0
張漢威,肇事科學鑑定實務,"全部都是申論題,畫圖題,大概四到五題,可以先寄給他考試的某幾題,一定會寫滿考卷正反兩面",5.4
何麗齡,實用營養學,考試是單選,1
宋明弘,初階智慧型創新,沒考試,0
余老師，真名忘了抱歉,智慧財產權,申論題,0
開課老師,認識天然災害,考試會提前給題目都是申論題。作業則是跟他上課有關的題目，上網都查得到,3
王婉倫,統計學(一),期中期末都是是考計算題和選擇題，幾乎都是課本習題和老師講過的題目,5
林彩玉,微積分(一),考試基本上都是計算題；會有一本題庫，只要把題庫上的題目做完也懂，不管小考會考期中考期末考幾乎都會80分以上,5
張漢威,肇事科學鑑定實務,考試基本上都考車禍鑑定，圖該怎麼畫之類的～如果上課有在聽，考試一定畫得出來！,1
陳至還,貨幣銀行學,"考試考選擇題為主,加小量計算題",0
高夢定,計算機概論,都在電腦教室,0
楊美美,國文（一）,忘記惹,0
許義忠,貨幣銀行學,無作業，考試為選擇、名詞解釋、半申論題,0
林暘桂,作業研究,多練習題&筆記題目，大概都會及格,3
李元恕,行銷管理,沒有作業，考試全選全英,0
顏秀吉,都市計畫,申論open book,0
許慧雯,會計學（一）,考試差不多10題選擇題,0
吳東憲,初級會計學,考題在上正課時，大致上都有講到,3
劉宗欣,國際金融學,期中期末都是75分選擇題。其他是名詞跟深論。佔分不高,2
陳宏賓,微積分 商,沒有作業,0
黃正一,羽球,大概就是期末會有筆試，內容是上課教過的東西，難度還好，有一次體測，測試對規則的熟悉度,4
王雅慧,英文閱讀,老師上過的內容！只會出五題沒教過！,0
林明洵,兒童文學,期中是上臺報告(老師會有指定故事)，期末則是做一本兒童繪本,2
林震燦,微積分,沒有 助教會出作業,0
曾柏興,海運經營與管理,期中期末考,0
劉樹澤,行為科學,考題都是前面一半 超簡單填空,3
徐培晃,大一國文,作業跟考試大一國文都一樣，所以差不了多少，只是上課學習單比較多。,-3
林宗志,大一上微積分,期中考會自己出題，題目比其他系的微積分來的難一些，但有讀書就會喔！！,0
陳青文,編譯器,考前有大猜題，以是非題跟問答計算題為主,0
張景星,籃球 張景星,上籃,0
鄭佩玉,高等會計學,考題就是考古題做熟一點,0
黃喚堂,室內裝潢設計,x,0
林彩玉,微積分,沒什麼作業,0
張雪玉,漫畫日語,讀兩篇漫畫，老師上課會帶我們看一次，期中期末都是考單字+句子翻譯,1
林立謙,線性代數,考試題型全給你,0
林倖如,消費者保護法,"期中考可帶法典及資料,考試易。",1
吳如娟,作業管理,每堂上課有個人或整組的學習單，邊聽課邊完成40分get~,-1
張漢威,交通肇事科學,考上課教的考試可以看手機跟筆記 老師會教五個車禍範例自己寫四個然後作業是其中期末各一篇心得,2
林國貴,使用者經驗設計,開書考 簡單報告,1
張育瑋,應用數理統計（一）,給題庫，但考題偏多,0
林慧洙,商用英文會話,沒有考試呦～,0
盧裕山,太極（體育）,考上課有打過的,0
伍昱睿,策略管理,不考試,0
陳立安,國文,考試就基本選擇和寫作,2
廖重宏,民法概要,期中期末都是出簡單的回家功課,2
李文傳,個體經濟學,選擇33題,0
洪英雪,國文,10題選擇，配合題20分(期中),1
劉士民,大學國文(一),考試都是國語文教學中心出的,1
林盈萱,日文一,"期中是考填充題居多，要背熟每個單字，還有看得懂基礎片語與文法，期末比較簡單，考選擇題，但是要了解比較深入的文法觀念，比如說:過去肯定,否定，結尾就會不一樣。",6
徐慧敏,銀行實務,40題選擇,0
簡正儀,財務報表分析,期末考帶回家寫,0
施筱雲,大學國文,分組報告 隨堂考內容基本上都是發表自己的觀點,1
羅仙法,證券投資學,期中考問答題申論題，期末上臺報告,0
陳奎佑,有機化學,考題，基本上就是上課筆記或是考古題，整體來說根本不會很難上課有認真一定都會寫,4
劉南英,個人資料保護法,無作業，幾乎每堂簽到，一定要有課本，考試前一堂會給題目可以回家查,2
侯柏宇,微積分,會課堂上直接考,2
王丕維,全民國防教育,作業是word 蠻簡單,1.2
鐘文伶,傳統藝術文化與技藝入門,期末分組報告自選主題，與傳統藝術有關的就行，上課DIY都是做一些彩繪,4.8
洪耀正,普通物理。電磁光,考一些基本題 ilearn做一做 公式理解好就沒問題惹(>﹏<),3.2
張桂芳,微積分,10多題填空題,0
吳榮彬,抽樣調查,上課比較像是思考型,0
張莉欣,景觀植物,期末考用投影片播放植物圖片，很簡單。,3.2
邱安安,會計學（一）,沒有報考 會計學考試期中考都是計算，期末考會有10題的選擇問題,2
楊美美,大學國文（一）,考試：,0
李元恕,行銷管理,全英文的題目(上課講義會有，不算太難，有讀有分數) 期末報告,1
伍昱睿,大陸與東協市場開發與通路管理,一次上台報告(分組),0
賴泳龍等 四位老師,工具機專論,期中報告是寄給老師，期末報告要上台，皆為個人報告,2
李克聰,智慧型運輸系統,考試申論題  自己設計運輸相關系統,1
許煜亮,計算機概論,計算題居多,0
陳孝武,微積分,線上作業為主,0
張倉耀,大陸金融問題研究,考試自帶資料,0
吳如娟,作業管理,期中考：英文選擇題,0
楊基源,初等數論,都是考古題裡面出,1
吳蕙米,瑜珈,考試只有期末是考上課教的動作，會有些要求，可是不會很難,2.4
朱南玉,統計學,考題考前會說的很詳細,1.6
李文傳,經濟學(一),期中考33題選擇題，期末考50題選擇題(全英文),0
邱安安,會計學,考試有10題選擇,0
張美燕,人力資源管理,上台報告 但不會很難,0
戴瑞坤,文物管理,考試兩題，主要都是講義的，有看有分，可以找考古幾乎一樣,2
盧鈺欣,會計學,考試跟課本題目差不多，會出幾題跟夜輔一模一樣的題目；作業助教出，簡單題型，有上課都會寫,2
王郁彬,餐旅行銷管理,要拍一部影片，不會很難。,1
何子儀,電子學實習(一),考試,0
張漢威,肇事科學鑑定與實務,只要上課有拍考試會考的投影片，考試可拿筆記、手機，甚至剪下課本都可以，很好過，不過老師習慣認人，要到上課喔~,8
蘇恆毅,複變函數,小考都很簡單都是上課講義內容，但是期中期末考的內容就會有變化題或是難題，跟小考難易度落差很大，不要以為小考拿滿分就可以不準備去考期中期末,6.4
王雅慧,英文閱讀,其中考試選擇題 期末可能會加個問答 但問答他會先告訴你題目 讓你提前準備 然後還可以帶你準備好的答案去考試 沒準備的話可能當場會寫不出來 選擇題的部分就是他上課帶的題目 然後考一摸一樣 只是你要畫重點 反正超簡單 上課都會教,9
黃雅文,壽險數學,期中全部考試有符號解釋跟計算各種年金現值，如果沒讀書會完全寫不出來，期末為選擇題加符號解釋（滿分120），老師為了就大家而出選擇題,1.8
陳德生,數位系統設計,小考的話會依照教到的進度決定，基本上都是講課內容的變化題。,3
黃林禮,商業知能,作業老師是隨機出題的，期中繳交word檔，期末做成ppt上台報告，也就是ㄧ魚兩吃的概念。,1
梁煌儀,大學國文,學校的報告作業是自己分組，組別是固定一學期，而學校有的學習單是一組一起寫的，不是個人，不過要表明誰寫這題。,6.4
張倉耀,貨幣銀行學,期中考期末考小考都是選擇題，期中期末有些從小考出，大部分都課本後面選擇題，報告是寫看新聞的心得，只要1張A4紙別超過,2.4
李綉玲,文字學,考題為楷書轉小篆、甲金文轉楷書、說文解字540部首楷書轉小篆、本形本義、申論題。作業為說文解字540部首的小篆寫三次以及每個字的許慎解抄寫一遍,0
劉佳哲,體育-網球,會考類似正手、反手拍、對牆打等類型,0
張宜正,攀岩,考試內容上課都會教和練習，不太可以缺課，一缺課就跟不上了,2
徐光明,創業入門,無作業無考題,0
許義忠,國際貿易與匯兌,有選擇跟畫圖與計算題,0
王磊,高等微積分,沒有,0
高英蘭,工程統計,聽說是有實習分數跟小考與期中期末啦，但是會勾題,2
李賜福,工程數學,考試出中文題 題目基本上都從講義出非常簡單,0
廖和恩,通訊系統,考題 去找考古題,0
陳光政,會計學,考試就是寫會計的表,0
楊明晶,財務管理,考試總分140左右 不管怎樣一定要寫好寫滿會給一點同情分,4.8
陳裕益,微積分,15%填充+85%計算,0
林震燦,微積分(ㄧ),考試幾乎都從講義內容出，有讀都會過,0
許義忠,國際貿易與匯兌,"每次考題不一定一樣,大概都是選擇15題,有時候有畫圖題還有簡答題,畫圖一定要寫的很詳細,寫的詳細度會影響該題拿到的分數",9.6
許展嘉,英文(一)初級,小說是,1
朱來順,場站經營與規劃,期中-上課PPT 簡單,1
顏秀吉,都市計畫,期中期末考,0
曾柏興,海運規劃與管理,"期中考題是從課本出約6題申論,包括一題是非題形式的申論",1
呂晃志,燃料電池,問答題如期末考6題，順序與問的方式和筆記的猜題一致，一題20分，最後一題是加分題，一共120分,3
林明言,資料庫系統,全部都是問答題以及計算題，題目很多，通常都寫不太完，不過考卷滿分都會破百,3.2
李長署,產學合作倫理,不算考試，期中考用分組辯論的方式打成績，好玩不嚴肅；期末是整學期以來有吸收到的上課重點分組上黑板寫，派代表說其內容即可,7
湛明暉,銷售推廣學,期中考申論題 通常會預先告訴你 讓你可以準備,1
楊明晶,財務管理,通常都考7頁以上 考試時間2.5～3小時 總分數都超過100 不過題目都偏難,0
洪介偉,貨幣銀行學,會有電腦作業,1
湛明暉,銷售推廣學,考試手寫可是都會有考前提示，要創粉絲專頁然後經營跟報告,1
施惠家,英文寫作（一）,考試題目很少 方向很大 不需要事前準備 只要上課有聽就會,2
余詩芸,工英中級班-余詩芸,每次上課小考單字,0
彭德昭,經濟學一,全部都是選擇題，而且是原文命題,1
呂晃志,環境科學概論,幾乎都是問答題，跟上課ppt或給的題目有87%像,1
黃志銘,作業系統（一）,考試全申論跟計算題，只要有考古題一律輕鬆高分,3
高秀蘭,工程統計,老師勾的題型必做,0
陳清標,測量學,考試幾乎都考古題上的,1
林育德,數位信號處理應用,期中上機考(完成線上測驗就有50分) 期末小組報告 助教人很好,3.2
林志敏,作業系統(一),期中期末都有考古、期末考古全中機率高、每周有上機實習、期中通常大家會考不好，太爛老師會給機會補考當加分,1
吳純純,微積分,沒有作業，有小考會提前一個禮拜說，內容是上次教的,1
陳俊廷,基礎日語,考試都是考口試，因為老師覺得出去外面需要跟人對話比較重要的是口試，寫也很重要，所以會出作業,8
黃雅文,壽險數學,不管小考還是大考都會考名詞解釋和計算題，期末考的時候計算題都改成選擇題，但題目也比較難，作業有上課寫也有回家寫，不一定，如果是上課寫，不同時間完成分數不一樣，越快完成分數越高,2
林彩玉,微積分,她隨便出,1
王雅慧,英文閱讀,文章閱讀劃重點寫答案,1
鄒繼楚,商業心理學,Ppt + 演戲,0
陳至還,貨幣銀行學,考試考筆記，不需要助教,1
不知道欸...,戀愛心理學,沒有考試,0
羅美文,余雅涵,考試不難 只要背好課本裡的單字就好 筆記要寫 最後老師會看 喜歡勇敢說英文的同學 偶爾會有小組討論,9.6
馬偉成,大學國文,1~2小組上臺報告 學校比賽的作業 分組課程分析,0
余美玲,文學與生活,作業幾乎都是上傳ilearn，只有一些要紙本。,2.4
陳至還,貨幣銀行學(ㄧ),不一定,1
溫傑華,運輸經濟,20題選擇 中英文,0
林育德,工程數學,沒作業 平常考要到,1
龐寶宏,社會福利與保險,期中交報告，但期末考前才需要交，期末翻書考,1
宋建華,漢字文化學,老師會公布考題在ilearn上面，也會放ppt講義，考試題目的答案都可以從ppt講義找到,2
簡士超,美學與產品創意,上課用書裡 、 報告(要創新、 要創新注重氣氛、 形式),3
吳紀瑩,經濟學,都是選擇題,1
辛正和,電路學二,老師小考前會勾題目,2
吳俊翰,高分子工程,全部簡答題（一、兩題計算題）老師會事先透露題目，但是在課堂上用唸的，要仔細聽，有些學長姐會有考古題，多看有幫助。,3
林鴻圖,民法概要,考試很簡單，都選擇題，會給你考題和答案,3.2
黃義欽,塗料化學,1.期中考都是問答題，都考老師PPT內容，期中作業的內容佔考題50%,1
陳長城,矩陣論,一半填充一半計算,0
王邁揚,民法概要,考試前一週洩題，選擇題50題,0
陳文正,普通化學,選擇題,0
方瓊菀,微積分,沒有作業，考試題型是填空跟計算。,1
林宗志,工程數學(一),沒作業,0
劉平文,人際關係,期中報告做成ppt上台照念也可以，期末交心得，最後歡喜等待著成績出爐。,3
陳志強,資電概論與倫理,每次上課寫心得就有分數，心得掰多白痴都可以,-1.5
黃承啟,民法概要,期中考大約是三題情境題，期末考大約是四到五題情境題，字寫的越多越好!! 如果怕字數不夠多，可以在答案紙上把題目全部抄過一遍，充字數老師會很開心給你高分。,4.8
王光華,會計學,都是課本的，考卷一面選擇，三面計算，選擇要寫算式,2
宋玉真,建築設計,畫平面圖，跟模擬考建築師考試。,0
陳依依,經濟學,Mc題,0
李英豪,微積分,簡單,1
彭妙卿,國文,沒有,0
不知道,化學,尚未公佈,0
林菲,普通物理,有作業他會告訴你  很少  一學期兩次吧  就做一做物理題目而已,1
黃聰輝,服務業行銷,考前上課會勾題(需課本)，勾十題考五題，寫越多越詳細分數越高，背多分,3
黃智彥,休閒事業管理,分組報告某一個休閒事業,0
蘇啟榮,奈米科技概論,1.期中作業要上網找資料，基本分90分起跳,2
王光華,會計學,沒有作業沒有報告，選擇題跟計算題都是課本題,1
陳志強,高頻電路概論,期中期末考可以帶重點筆記，必須手寫在一張A4紙正反面，內容不拘看自己覺得什麼是重點，考試重點在於會應用，刁鑽公式不用背看重點筆記就好。,9.6
忘記了,工程倫理,沒有考試,0
朱心蘅,財務管理,考全英文,0
林永森,工程數學,考試只會考4或5題，後面的題目會比前面的簡單，沒有作業,2
鄭佩玉,高等會計學,都沒有,0
黃志銘,計算機概論,看老師高興,1
蕭敏學,電子學,選擇題10題 要附註原因,1
林志敏,作業系統,Demmmmmmmmmmo,0
黃定彞,通訊系統概論,考試從作業勾選題內出題,0
劉文榮,財務管理,考試會有五題名詞解釋和四大題的計算題,2
李允中,創意思考,課堂小組報告,0
林憲鋒,實用英文,全程混不上課,-1
林維鈞,微積分,沒作業，愛當人,0
黃秀芬,線性代數,上課小考,0
黃娟娟,初級會計學,期中印象中都是實作題,2
袁維勵,計算機概論,他說會考的絕對不會考,-1.8
吳如娟,作業管理,英文,0
黃承啟,民法概要,全部都是申論,0
賴炎卿,初級會計學,做夜輔題穩穩及格,1
蔡雅芝,近代物理,作業要記得交，平時分數也可以掌握你會不會被當,2
林永森,工程數學,沒作業 沒報告,0
吳榮彬,統計學,作業叫我們自己出題目自己寫詳解重點是都沒上過的課程就叫我們自己寫詳解....,2
癩鹽清,會計學,考試有選擇  有手寫 難到爆,0
沈明展,統計學,考試為題組，沒作業,0
蕭國鐘,企業概論,選擇題和問答題，問答題還可以自己先準備題目背起來,1.2
李希奇,華語教學導論,筆試50%、分組報告50%,0
高秀蘭,統計學,考試是學校統一喔,2
黃秀芬,線性代數,老師習慣在課堂上小考，要考的前一堂會先提醒，除非太少人來上課臨時決定加考小考。期中期末的話她都會在平常上課洩題，考前會大洩題，老話一句，想學好東西真的不建議找她,5
梁寶芝,資訊概論與倫理,只有寫上課心得和簽到,1
黃娟娟,初等會計學,幾乎每堂課結束都有作業,0
林羨峰,實用英文,就說不要修了 沒有考試 但作業會讓你懵得不要不要的,-1
王光華,會計學,期中都是手寫題,1
陳星百,資訊安全管理,全選擇題,1
劉曜華,市政學,考試少 期中考跟期末報告而已,0
趙宸紳,體育－羽球進階,考試其實就是去玩的，因為考試就是打球，兩個人一組，女雙的跟女雙的打，男雙的或混雙的一起打，比賽分數其實只是成績評分的參考，真正的評分是看學生有沒有認真打球，不要常常遲到或坐在角落聊天，分數基本上不會低於90分,4
陳長城,微積分,沒作業，考試筆記多看簡單,1.5
林瑞發,心理學,期末報告自訂 出席不重,1
駱建陵,機率論,當時全班決議考選擇題，於是老師出選擇題了,0
楊瑞彬,非破壞檢測,期中期末會給題庫～上課有幾堂實驗課，要交實驗報告。作業有教、題庫有看，相信不會有人被當。,1
許澤善,土木系 工程數學,隨便寫,1
蔡雅芝,奈米科學概論,會有小作業跟簡報，基本上不會太難,2
陳德生,邏輯設計,認真上課聽講，遇到困難尋求幫助，保證期末pass,1
陳益生,電路學(一),沒作業,0
袁世一,線性代數,上課筆記算分,0
蘇啟榮,有機光電材料概論,個人作業,0
王益文,微處理機系統,期末考全申論,1
劉森堯,散文選讀,考試都是考老師上過文章中的單字和翻譯，如果有背其實不會太難的,9
吳仰哲,財金概論,個人作業一學期三次,0
李希奇,華語教材與教法,老師會給一張清單,0
彭德昭,國際貿易理論與政策,考試全是長問題,1
林純純,統計學,都是手寫,1
許懷中,資料庫系統,佛,1
詹授合,阿拉伯世界-生活與經貿,我記得是只有一個上臺報告+期末一張A4心得，老師人超好，上課也很鼓勵同學發言，上課的內容都很有趣!,4.8
林賢治,中華民國憲法,期中期末背多分，且分數很甜，出席會依簽到表為準，老師很可愛！,3.2
王祥齡,文學電影DIY,沒有期中期末考,0
忘了抱歉,通識-毒化物,期中末各30%，作業出席20%,0
何麗齡,實用營養學,出席很重  期中期末考的很基本  有在聽  絕對穩穩過,4.5
林賢治,國際關係,期中期末各占50%，每堂必傳點名單，老師會看出席加扣分，上課會請同學印講義，考前一週很傳題目給同學拍，考試都是申論題寫越多分數越高，認真上課可以學到很多國際的事件。,6
黎淑慧,行政學,非常寬鬆,1.8
王祖淼,儒道思想學情緒管理,聽老師講人生大道理，出席率不用太高沒關係，總共4個作業，用點心寫就有80分左右，老師人其實很好，雖然有點老頑固，就是上課不能吃東西滑手機穿夾腳拖。,4.8
陳奕靜,智慧城市與行動應用,期中分組報告,0
陳俊卿,經濟與生活,期中期末考,0
何麗齡,營養與健康,期中期末各30%，平時成績40%，上課有聽就會了，考前一堂課會複習，真的很簡單,4.8
盧韋聿,世界音樂文化,出席率占很高，但都是傳簽到單，期中考是每次上次ppt上的三個問題，最好在老師上傳到唉愣後就趕快下載下來，因為他期中考前就會關掉(我考前2天要上去看他就關掉了)。期末考是分組報告，easy。上課很鬆，他講他的，同學做自己的事都沒差，廢課一節。,9.6
楊裕仁,生涯規劃,1.出席發表與討論 40%(幾乎每次都會看電影，會規定哪個年級要寫心得),3
楊郁仁,生涯規劃,心得記得交，出席率佔分比率偏高，有期中考和期末報告（小組合作）,1
賴奇厚,食品衛生與安全,出席30,0
葉美玲,智慧城市與實物分析,沒有考試 ，有時上課寫心得 ，期末會有個分組小報告 ，但是報告會利用上課時間完成 ，老師人超好的最後還會送每個人一些東西 。,3.6
李允中,臺灣政治經濟發展,沒有特別說明 但全勤 期末考有考 作業有教 學期分數拿96,0
紀文章,紀錄片製作,老師上課分享作品,0
李建成,電影藝術專題講座,沒有考試，期中期末各收一次課堂心得報告，外加課外讀物，每節課會點名，但是座位上有人就好。,4.8
劉南英,民法實用,期中期末+小考1~2次，還有點名吧,-1
吳珮瑄,化妝品科學與生活時尚,每堂課都會簽名點名。期中期末考前會有各有一次小考，小考考33題，期中期末的50題考題其中的33題跟前一次小考一模一樣，所以分數很好拿，幾乎背一背就好。,6.4
邵祖威,多元文化,報告70趴,0
潘才學,心理學整合與發展,期中期末考、期末報告、平時作業、點名,0
楊裕仁,生涯規劃,只要交報告跟心得就好 讚,1.6
葉怡巖,生命科學,上課抄筆記寫學習單,-1
黃圻文,生命的藝術,基本上有交作業老師都OK,0
楊美美,應用文,期中期末考、作業,0
王祥齡,文學、電影、DIY,沒有考試,0
金尚浩,現代韓國社會和文化,期中考30% 期末考 40% 平時表現 30%,0
林賢治,國際關係,每堂課都點名，出席率佔分數蠻多，其餘則是看期中考與期末考成績！（老師於考前會公布考試題目讓同學回去準備）題目皆是申論題,3
戴瑞坤,中國文物欣賞,平時(口頭報告、出席、書面)30%,0
彭妙卿,詩詞欣賞,加分的點很奇妙 不加小數點 一次作業,1.6
黃圻文,生命的藝術,期中期末紙本報告有認真打基本上分數會很高,4.8
劉文甦,衛星科技應用,上課抄筆記，分數輕鬆拿,1
朱文祺,創新綠色科技,上課蠻多加分機會的,0
劉杜鎮,醫學與人生,出席每次必簽到佔很重有時會抽點回答問題,1
經觀榮,人生哲學,上課舉手回答會加分,0
黎淑慧,行政學,老師上課講自己的人生史，考試按照老師所講的寫認同老師的看法分數會高,2
黃登煌,倫理道德與生命哲學,沒有考試，期中和期末都是交報告，內容是回答老師出的問題，答案從老師給的PPT找，這很重要，他不要自己回答的，一定要照他的PPT寫。還要記得排版。整學期只點4次名，期中前兩次，期中後2次，會算入平常成績。應該算好過，但成績不甜。,8.4
吳秀英,應用文,期中考差可以補考，期中考前會給考題和答案，期末考自傳，考試可以直接抄，有一篇閱讀心得，一定要交，每堂必點。,1
潘才學,性別教育與服務-學習,心得報告很多，每節幾乎都有，佔分數很多，期初常點名，期末幾乎沒在點，期末有專題報告，其實不難，小組很重要，老師人其實不錯，作業都交應該都能過。,9.6
楊美美,文學與生活,其中期末佔的重 然後給分有點嚴格 一次報告 兩次作業,1.2
蔡曉伶,西洋文學與文化,期中期末給題庫很簡單只是要記得去拍提款，出席佔蠻重,3.2
黃智瑛,音樂與人生,平時30%期中30%期末40%,0
梁煌儀,古典文學,期中佔40%,0
黎淑慧,行政學,要買老師自己寫的書 然後好多論文煩死人 每節必點,1
滿肇怡,投資與理財,期中期末各50%，非本科系相關之學生一定要熟讀課本,0
李元璋,人生哲學,給分數的時候都隨便看一下就給很低的分數，如果寫很多(3000字以上那種)，他才會認真看，我覺得學不到東西，分數還很低，很後悔選這門課,1.6
陳秀文,應用文,出席10，作業10，期中期末各40,0
羅珮瑩,新聞與媒體,期中報告+期末考試 考試上課沒聽就完全不會寫 上課舉手有機會加分 老師主觀意識非常嚴重 不食人間煙火,-1.8
楊裕仁,教育理論與實踐,各佔幾趴雖然忘了 但是期中期末都只考三題左右 都是手寫問答 考前一兩個禮拜會公布題目 題目幾乎都是自由發揮 寫自己的想法 沒有特定答案 很好發揮 老師上課活潑,8
李舒亭,美好時光社群劇場,參與度高常出現有貢獻就輕鬆拿分,2
劉南英,民法實用,忘了分數怎麼算,0
吳元豐,倫理思維與社會正義,沒有期中考，筆記加分用，但好像只加一點點，期中交，期末考印象中佔了40%，不難考，有寫有分，最後一題是上課心得電影心得,3
楊裕仁,教育理論與實踐,考試非常簡單，都是自己的心得，考前都會告訴每一題的題目，上課是看影片，一學期大概寫個兩三次心得!!沒去上課還可以用其他課補課，老師人非常好也非常好過成績又高,12.6
只有這一位,材料與生活應用,50%期中 50%期末,0
何麗齡,營養與健康,期中考，閱讀報告，期末考,0
彭瑞芝,觀光美儀與國際禮儀,沒有期中期末考,0
葉怡嚴,智慧財產權,期中期末出席,0
陳上元,智慧綠臺灣,普通分數不太會當人,0
黎淑慧,行政學,上課不知道在上什麼 狂買書 考試考申論（課本內容）有分組報告 基本上有交都會過,0
李元璋,人生哲學,出席很重感覺分數都是用老師對學生的感覺來打的也喜歡叫學生來發言,8
張子揚,國際關係,會發一張出席卡，有去就蓋一格章。期中期末前有總複習跟重點提示。老師有開兩個班，可以換班上課（兩班內容一樣），輕鬆又可以學到東西推推～,2
楊裕仁,教育的理論與實踐,期中考：25%,0
張峰碩,居住與城市研究,整學期一個報告而已，會一步步帶你做，主要是訪問，常常可以提早下課，英文授課也不會太難懂。,6.4
潘才學,心理學整合與發展,期中考25%,0
黃登煌,倫理價值與生命哲學,作業佔50%,0
黃志偉,氣候變遷對臺灣之衝擊,10%出席+20%作業,0
袁維勵,奈米科技與生活,沒有期中期末，上課分組做實驗一定要到，之後還要寫實驗報告,4.2
林賢治,國際關係,有期中跟期末,0
馬彥彬,資訊化社會,出席率-傳簽到表,0
蔡振志,社會學與生活體驗,"群組學習:自主自願, 每組7至10人為原則.",1
張瑞芬,現代散文,點名會先提醒 考期末而已,0
王祥齡,文學、電影、DIY,一個學期4個報告,0
蔡宜宏,智慧財產之保護與實務,1.有期中考跟期末考,0
潘才學,心理學整合與發展,做好學生的義務老師都不會為難的,0
張漢威,肇事科學鑑定實務,"有期中考跟期末考,還有期末報告,考試內容幾乎都是上課的東西,其實很好過,老師也不太當人,但是你如果是男生的話分數從60起,女生80起,字漂亮的話更加分,老師上課很喜歡找正妹互動,看你喜不喜歡囉",9.6
何麗齡,實用營養學,期中期末各30%,0
宋明弘,初階智慧型創新,沒期中末考,0
余老師，真名忘了抱歉,智慧財產權,一個月點名左右，沒有作業，考試只要對老師的申論提出質疑或辯論的感覺，寫越多分數越多，不需有法律底,0
開課老師,認識天然災害,出席都用簽到的，作業分數佔比較重，但是作業很簡單上網查一查就可以查到答案，作業內容越多分，分數越高,6.4
王婉倫,統計學(一),1. 平時成績 30%  (小考和課堂參與),1
林彩玉,微積分(一),成績分配 : 期中考 30% 、期末考 30%、平時成績 40%,0
張漢威,肇事科學鑑定實務,分數基本上只要你上課有在聽，筆記都有抄，沒有九十也有八十，老師上課很幽默風趣，根本不會想翹課，重點是課程內容跟生活習習相關，因為有上過這門課，出車禍的時候才不會被別人佔便宜！！大推！,11.2
陳至還,貨幣銀行學,期中期末各佔 35%、平時佔 30%,0
高夢定,計算機概論,期中期末各佔30%,0
楊美美,國文（一）,有分組作業跟個人的作文，都要交,1
許義忠,貨幣銀行學,上課認真聽，圖表很重要，老師不會為難你,1.6
林暘桂,作業研究,看老師怎麼評，每學期都不一樣，不過都是以考試次數分配比重,1.6
李元恕,行銷管理,上課回答問題加分,0
顏秀吉,都市計畫,有去就過了,0
許慧雯,會計學（一）,期中期末應該是各佔30%,1
吳東憲,初級會計學,期中期末各佔30%、,0
劉宗欣,國際金融學,點名只點幾次。不過佔分高。讓同學carry一下爽拿分。期中期末有選擇題題庫。75分選擇題有背多分。剩下25分靠努力,1.6
陳宏賓,微積分 商,小考60分起跳,0
黃正一,羽球,老師沒有明說，或我漏聽,0
王雅慧,英文閱讀,期中期末各30%平時40%,0
林明洵,兒童文學,出席、期中報告、期末繪本,0
林震燦,微積分,期中期末各30% 會考10%助教30%,0
曾柏興,海運經營與管理,老師人超好不多說,0
劉樹澤,行為科學,"出席很重要,每節必點,但是上課可以做自己事老師幾乎不管",1.6
徐培晃,大一國文,分數不會太為難，只要作業有寫，學習單有交分數都蠻高的，蠻看重出席的，上課主動發言有加分~~,0
林宗志,大一上微積分,很會教，傳說中的逢甲好老師，只要你去上課就有分數，上課不可以看手機跟睡覺，只要紮紮實實的上課就能吸收很多！！,6.4
陳青文,編譯器,期中期末各20%，兩次小考各15%，作業跟出席共30%,0
張景星,籃球 張景星,點名到 基本就會過,2
鄭佩玉,高等會計學,期中40%,0
黃喚堂,室內裝潢設計,期中開講義考  照抄,0
林彩玉,微積分,期中期末不及格但不要太慘,0
張雪玉,漫畫日語,期中考30%,0
林立謙,線性代數,上課只要聽得懂,0
林倖如,消費者保護法,期中35 期末35 平時30,0
吳如娟,作業管理,平時作業40%,0
張漢威,交通肇事科學,考上課教的考試可以看手機跟筆記 老師會教五個車禍範例自己寫四個,1
林國貴,使用者經驗設計,開書考 要做簡單報告 輕鬆,3
張育瑋,應用數理統計（一）,上課舉手會加分,0
林慧洙,商用英文會話,出席:不要太多次缺課 2-3次還ok,0
盧裕山,太極（體育）,只要都有去 有期中 就是上課內容 我當堂才學會 80過沒有期末 最後90分,1.5
伍昱睿,策略管理,一次作業(題目自訂、可複製貼上)+一次上臺報告(上學期是東協的國家中挑一國來介紹)，報告結束會問大家意見給分，都是85分↑再+報告互評，不點名，評分方式超free，老師人又好又有料，目前是大陸一間知名企業CEO，喜歡把滿滿的資料跟同學分享，超推！！,14.4
陳立安,國文,期中期末有一定比例,1
廖重宏,民法概要,一節課都不去都會過,0
李文傳,個體經濟學,期中30%期末40%平時30%,0
洪英雪,國文,國文的評分方式是全校統一，不過平常分數老師真的不會太刁難，會抽籤回答，但回答不出來就換下一個，回答出來就加分，平常作業成績跟期中期末寫作分數也都給的挺高，上課內容跟方式很多元,4.8
劉士民,大學國文(一),平時成績(課堂討論、學習單)、期中、期末、作業成績,-1
林盈萱,日文一,要期中期末考，老師很注重出席率，幾乎每節課都會點人起來回答問題，但是老師教學上真的很認真，她還會額外補充一些文化上的知識。,7.2
徐慧敏,銀行實務,期中期末各50,0
簡正儀,財務報表分析,課堂小組題目.點名加扣分.期中報告.期末報告.股票實際操作,0
施筱雲,大學國文,有隨堂考 算入平時成績 作業缺交4次以上危險 缺席很虧,-2
羅仙法,證券投資學,課程非常實用，且上課可聽到很多時事新聞，重點是教你投資策略使用方式跟心理學,4.8
陳奎佑,有機化學,期中期末60%平時成績40%,0
劉南英,個人資料保護法,考試前都會洩題，採隨堂考的方式，可看課本講義,3.2
侯柏宇,微積分,期中期末佔60，出席率40,0
王丕維,全民國防教育,期中考open book,0
鐘文伶,傳統藝術文化與技藝入門,老師偶爾點名，通常是簽到表，只有期末一個分組報告，平常上課就是看老師的PPT或是做DIY，上課內容很有趣,3.2
洪耀正,普通物理。電磁光,其實好好考就會過了,2
張桂芳,微積分,30 30 40,0
吳榮彬,抽樣調查,期中期末各30%,0
張莉欣,景觀植物,老師人超好，只要上課大概都有到，作業都有交，成績都不錯，而且對系外學生會鬆一點。有時候上課是去校園走走認識植物，很有趣不無聊。,8
邱安安,會計學（一）,"期中期末各佔30%, 作業與出席佔20， 實習課佔20%， 老師人很好上課回答問題交加分作業等 老師都會記得",3.2
楊美美,大學國文（一）,期中30%,0
李元恕,行銷管理,期中期末考、 有期末報告、 上課發言會加分,0
伍昱睿,大陸與東協市場開發與通路管理,基本上都不點名(有點簽到單),-1.2
賴泳龍等 四位老師,工具機專論,期中期末都是報告!!!,1
李克聰,智慧型運輸系統,不太考試但每堂課都要小組討論 老師人超好 課程超好玩,4.5
許煜亮,計算機概論,期中末標準投影片都有 偏甜,1
陳孝武,微積分,開學會說,-1
張倉耀,大陸金融問題研究,超涼 簡單,1
吳如娟,作業管理,期中考20%,0
楊基源,初等數論,期中期末加起來200分就過了,0
吳蕙米,瑜珈,每節必點跟考試,0
朱南玉,統計學,有內容好過,1
李文傳,經濟學(一),期中期末各佔35%、平時成績30%，平時成績看作業、平時考，上課點名採加分制，有到就加分，沒到不扣分。,1
邱安安,會計學,老師人超級無敵nice， 上課有分組搶答加分活動， 有問題尋問她時都會很詳細地解說，是個好好老師，只要多練習題目大致上這門課一定pass,9
張美燕,人力資源管理,沒有期中期末考只有報告而已 上課藉由報告寫學習單 老師人很好,0
戴瑞坤,文物管理,考試不會太難兩題，有考古題，有看有分，但是有點忘記佔多少趴了,0
盧鈺欣,會計學,考試不會很難，出席不重，一學期大概點個幾次而已，老師教的好，認真聽，輕鬆過。,7.5
王郁彬,餐旅行銷管理,老師人超好超可愛,3
何子儀,電子學實習(一),期中期末各30%平時成績40%(包含結報預報，至少要做1/2以上才能過),3
張漢威,肇事科學鑑定與實務,有分考試跟作業,0
蘇恆毅,複變函數,小考（4～6次）30%、期中30%、期末40%,-1
王雅慧,英文閱讀,每堂點名 有去上課平常分數就很高 有隨堂小考 但超簡單 期中期末選擇題都是被答案啦 超簡單 我覺得有修必過 而且是高分過,9
黃雅文,壽險數學,10%出席，15%上課加分，10%小考，作業10%，25%期中，30%期末,0
陳德生,數位系統設計,學期前老師會公佈評分方式，最後調分時會整體一起加，然後50~59的最後總成績為60分。,1
黃林禮,商業知能,期中期末報告和一個考試，就！這！樣！,1
梁煌儀,大學國文,期中 期末考 各佔 15%,0
張倉耀,貨幣銀行學,期中30 %期末40 %丶小考和報告各佔15%，期中和期末考試的分數都會超過100分唷！老師說他是客人，客隨主便！人超級好的，教的又棒，簡直就像是天使一樣,9.6
李綉玲,文字學,期中期末各35%、出席率20%、作業10%,0
劉佳哲,體育-網球,期中期末各會有考試，老師都會先教，而且都有補考的機會 再來就是點名的部份，老師很注重出席和穿著，然後老師教的很仔細，可以學到很多,6.4
張宜正,攀岩,1.繩結與確保30%,1
徐光明,創業入門,沒有期中考期末考,0
許義忠,國際貿易與匯兌,總共考三次試，考試成績很重要，修這堂課的同學真的要認真上課，但學到的東西蠻多的，老師也會分享很多有趣的事，用不用的到看個人囉！,9
王磊,高等微積分,期中30期末40平常30很硬,0
高英蘭,工程統計,呃…我單純是想推統計在很多地方都有用，教我統計的老師已經退休了😂,5
李賜福,工程數學,平時跟作業40% 其中期末各30%,0
廖和恩,通訊系統,你多認真就有多少回報,1.5
陳光政,會計學,頗鬆的,1.6
楊明晶,財務管理,期中期末有一個進步幅度就會過,1
陳裕益,微積分,期中期末各30%,0
林震燦,微積分(ㄧ),不定期點名，通常考前兩週會點名。,1
許義忠,國際貿易與匯兌,課堂小考20% 期中期末各35% 出席10%,0
許展嘉,英文(一)初級,分配忘記了,0
朱來順,場站經營與規劃,我出席率有點低 因為沒出席被老師記住,-1.2
顏秀吉,都市計畫,老師上課人很好 不刁難,1.6
曾柏興,海運規劃與管理,期中期末考試各20%,0
呂晃志,燃料電池,期中考、期末考、出席率，考試很甜完全考筆記內容，會告訴你考哪邊，背一背就沒問題了,3.6
林明言,資料庫系統,期中期末各30%，小考20%，作業跟平時成績20%,0
李長署,產學合作倫理,出席率、期中辯論、期末討論，沒有考試,0
湛明暉,銷售推廣學,期中考超簡單 期末報告也很輕鬆又學得到東西,4.8
楊明晶,財務管理,期中30期末40小考作業分數也會影響哦 考試還有教的有點難 但是認真上課可以學到很多東西哦,1.2
洪介偉,貨幣銀行學,每堂課都會有作業、會點名（有時候課間還會再點一次）期中期末考都會提早考、會有考前提示（很重要都會考）,8
湛明暉,銷售推廣學,有期中跟期末報告～還有出席成績 老師人很好,1.6
施惠家,英文寫作（一）,忘記各佔幾趴 但有期中考 很簡單 只要上課有跟著老師的腳步一定沒問題 老師要求的作業也不多 只要按時繳交 分數都不是問題,6
余詩芸,工英中級班-余詩芸,一定要到按座位點名,3
彭德昭,經濟學一,上課要專心，千萬不能滑手機還有睡覺，作業一定要交，不然必當無疑,5
呂晃志,環境科學概論,期中+期末考大概佔90,0
黃志銘,作業系統（一）,期中期末各35%，平時30%,0
高秀蘭,工程統計,期中、期末、兩次小考 每個20%,0
陳清標,測量學,分數給的不錯,1
林育德,數位信號處理應用,期中上機考 期末小組報告 助教人很好,3.2
林志敏,作業系統(一),上機作業佔很重、期中、期末、出席率、上課回答問題加分,0
吳純純,微積分,每堂必點，需要照她的要求寫，雖然嚴格但是老師人也不錯,2
陳俊廷,基礎日語,期中期末各35%,0
黃雅文,壽險數學,期中考25%，期末考30%，正課4%，實習課6%，作業10%，小考10%，上課回答問題15,0
林彩玉,微積分,自己查,0
王雅慧,英文閱讀,期中期末外加課後小作業,1
鄒繼楚,商業心理學,每個禮拜有一小份小組報告 做ppt跟演戲 期中期末也是演戲 上課輕鬆蠻不錯的課,2.4
陳至還,貨幣銀行學,不喜歡學生睡覺，喜歡人多,2
不知道欸...,戀愛心理學,報告佔最重其次出席,0
羅美文,余雅涵,期中期末大約30% 會在課堂最後點名 是到講臺講英文或給老師看英文筆記 上課多舉手回答會有好印象,9.6
馬偉成,大學國文,期中期末各30% 作文改很嚴 報告加印象40% 回答問題似乎有加分,-1
余美玲,文學與生活,作業幾乎每堂課都有，但不會太難。,0
陳至還,貨幣銀行學(ㄧ),期中期末各佔30%，平時成績４０%，算是一分耕耘一分收穫的課，上課有黑板筆記，考試大概只考筆記,0
溫傑華,運輸經濟,期中30% 期末報告40% 出席10% 平時分數10% 發問分數10% 發問分數很重要,1.6
林育德,工程數學,考前有考古 讀熟就過,1
龐寶宏,社會福利與保險,期中末各50%，上課至少要舉手問答一次。,1
宋建華,漢字文化學,沒有作業沒有報告沒有小考，期中考期末考而已，幾次的簽到但是老師不重點名,2
簡士超,美學與產品創意,期中期末(一定要寫通關密語哦) 報告(超重要),4.5
吳紀瑩,經濟學,期中期末各30%作業平時30%出席10%,0
辛正和,電路學二,期中30%,0
吳俊翰,高分子工程,幾乎每堂必點，但是如果有次點名單要送學校的前一個禮拜，會事先告知同學下週點名。,2
林鴻圖,民法概要,出席佔很重，沒事不要亂翹課。,-1
黃義欽,塗料化學,出 席  : 20%,0
陳長城,矩陣論,開學第一次上課會和學生討論,2
王邁揚,民法概要,沒有作業，考試只有期中期末,0
陳文正,普通化學,小考2次  期中期末,-1
方瓊菀,微積分,期中期末各佔30%、平時佔40%，上課偶爾點名，講解算清楚，會停下來等你自己算一遍！,1
林宗志,工程數學(一),出席12%小考(4次)28%期中30%期末30%先說老師很硬，絕不調分，但保證收穫很多，想學好工數的人推推,1
劉平文,人際關係,沒有期中期末考,0
陳志強,資電概論與倫理,沒考試，沒評分方式(⊙＿⊙),0
黃承啟,民法概要,依照學校點名方式，期中期末各有兩次隨堂點名(用ilearn點) 這部分佔平時很重的成績，期中考跟期末考前都會說要考試，可是每次都突然不考，改出作業(題目抄到死)，評分方式真的不知道是依據什麼，聽過最誇張說法是用電風扇吹考卷，飛的越近越高分...,7.2
王光華,會計學,老師教的有點爛，但期中期末考都考課本習題，每個禮拜都有小考，好過,0
宋玉真,建築設計,要跟設計老師理念相同，設計課才會比較輕鬆。不然有一些老師會很雷，你辛苦做出的作品會被罵的一文不值。,2.4
陳依依,經濟學,期中佔70%平時佔30,0
李英豪,微積分,點名算額外加分,0
彭妙卿,國文,偏甜的一門國文課，加分方式很多有些滿無言的，但算是國文課好過的，上課寫學習單，可以睡覺（會被叫起床）可以滑手機（要擺課本）期中期末各佔30%平常成績包刮 學習單，出的作業  作業有交 段考成績不差 基本上都會過,5.4
不知道,化學,尚未公佈,0
林菲,普通物理,評分很輕鬆  期中期末甚至會自己出考卷出到滿分120.130讓你爽爽過 期末時還會加分  而且全勤加超多  結論是只要考試帶點腦  平常都有到都能過,9
黃聰輝,服務業行銷,平時成績30%,0
黃智彥,休閒事業管理,期中期末分組報告,0
蘇啟榮,奈米科技概論,1.期中作業30%(上網找資料),0
王光華,會計學,上課上的很爛，每堂課必點名，平時分數只要到就會高，段考題目跟課本一模一樣，只要背答案就可以了,4
陳志強,高頻電路概論,平時20%、小考/作業20%、期中考30%、期末考30%,0
忘記了,工程倫理,期末報告很重要,1.6
朱心蘅,財務管理,老師感覺蠻重期中期末和報告,1
林永森,工程數學,小考兩次30%各佔15%，期中期末各佔30%，出席率佔10%,0
鄭佩玉,高等會計學,沒,0
黃志銘,計算機概論,期中30%期末30%平時40%,0
蕭敏學,電子學,期中30%期末40%平時30%,0
林志敏,作業系統,Demo一定要去做,2
黃定彞,通訊系統概論,作業30%（共8次作業，只需交6次以上）、期中30%、期末30%、課堂表現10%（這部分是看作業是否自己完成或抄解答）,-1
劉文榮,財務管理,其中期末會先給出題範圍，但是大家考出來一樣差,0
李允中,創意思考,印象分數很重 給分方式不明,0
林憲鋒,實用英文,沒比例,0
林維鈞,微積分,我忘記了,0
黃秀芬,線性代數,分數不錯,1
黃娟娟,初級會計學,期中期末,0
袁維勵,計算機概論,不了解，基本看上課作業交的程度,2
吳如娟,作業管理,期中20%期末40%平時、作業40%,0
黃承啟,民法概要,老師開學會和甲班班代討論,1
賴炎卿,初級會計學,出缺席 作業 筆記等等都會算成績 給老師的印象很重要,1.6
蔡雅芝,近代物理,考的不好沒關係，記得高於平均就好,0
林永森,工程數學,考試很難,0
吳榮彬,統計學,完全沒有評分方式 應該是看心情去評分的,3.6
癩鹽清,會計學,上課一定要去 媽的除了喪假沒到全都是曠課 不管是生重病或出車禍都要去上,6
沈明展,統計學,期中期末各佔30%，平常成績與出席率40%，考試愛考題組,1
蕭國鐘,企業概論,隨便考隨便過，老師不當人，但就是很廢,1.6
華語教學導論, 課程&教科書很艱澀，李老師教學風格偏嚴謹，是門很硬的課 !,期中30%、期末40%、作業20%、出席10% ,李希奇
高秀蘭,統計學,老師心情決定一切,1
黃秀芬,線性代數,出席會占5%，所以習慣蹺課的同學要考慮一下，還有選課秘笈上寫好過是沒有錯，但是如果是想學到線性代數精髓（有辦法應用這個學科的知識）的話並不推薦，因為老師上課都在講題目和她會考什麼，還有，她時間表蠻滿的，不容易問到問題。,10
梁寶芝,資訊概論與倫理,莫名奇妙的算分方式，我也不知道怎麼算的,1
黃娟娟,初等會計學,"因為是會計系 每節課都會點名 老師都投影片 且筆記都是看到黑板有空位就寫,很雷 如果沒有隨時發摟可能就看不懂.跟不上",4
林羨峰,實用英文,別選 超級沒營養 老師性格超差 只推薦女同學選,2
王光華,會計學,評分紮實,1
陳星百,資訊安全管理,期中期末50%，平時50%（包括3次小考）,-1
劉曜華,市政學,上課風氣自由 鼓勵討論 分數會給很高,3.2
趙宸紳,體育－羽球進階,期中考占百分之30分,0
陳長城,微積分,平時20%小考20%期中期末各30%,0
林瑞發,心理學,期末報告有交、自評不要謙虛就會高分,2
駱建陵,機率論,課堂表現和小考各20%，期中和期末考各30%,2
楊瑞彬,非破壞檢測,期中、期末、實驗報告、出席。分數給的不錯，作業要交。,1
許澤善,土木系 工程數學,隨便過,3
蔡雅芝,奈米科學概論,平時40%,0
陳德生,邏輯設計,老師最後把50-60分的學生全部變60，老師好,1.6
陳益生,電路學(一),期中期末各25%兩次小考各25%額外加分考20%共120分,0
袁世一,線性代數,筆記佔40%,0
蘇啟榮,有機光電材料概論,作業最最最重要，有期中考、期末考但其實比重不大，出席可以加分，幫老師訂書也加分。,2.2
王益文,微處理機系統,三次上機考各佔60%，期末考佔40%,1
劉森堯,散文選讀,期中期末,0
吳仰哲,財金概論,有交作業跟出席就會過了,0
李希奇,華語教材與教法,重要是用老師自己印的講義,3
彭德昭,國際貿易理論與政策,考試考很難,-1.6
林純純,統計學,期中期末30%平時40%，小考分數很難拿~,0
許懷中,資料庫系統,讚,0
童翔新/張立德,,環境化學與生態  簽到、影片心得、期中期末簡單選擇題，跟國高中程度差不多的地科題,1
陳柏全,,上課很活潑，會努力把氣氛帶起來，會出課堂作業，期中期末有50就給過，不點名、會抽問，好過。,6.4
李書安,,殺蟲劑與生活，很好過，期中考會考，期末交交報告，然後期末考考學生自己出的題目,1.6
丁威仁,,作業有交、 考試有考=過,1.5
丁威仁,,一定要修，可以學到很多東西，沒有考試，沒有點名，是位很認真、有熱忱、真心關心學生的好老師,9.6
李寶玲,,考上課內容、不點名、滿好過,0
陳兆南,,中文系以外的很好過,1.6
葉守桓,,很硬、會點名、會有小考、有作業、考試會勾題問、分數打得蠻低,1.2
鄭慧如,,有報告、考試要背、報告多。,1.5
劉國平/李本燿,,open book,0
簡秀娥,,每堂必點、分數70起,0
陳義成,,讚又涼,-1
林孟靈,,簽到、考前勾題目、報告分數高,1
李仲民,,期中考是作業、期末考前會給考題,1
唐文德,,交一次心得報告、兩題默寫賞析、另兩題只要賞析；重點名但不常點，考上課內容,2
余美玲,,考講義、不點名、交報告,0
金尚浩,,重點名、考前給考題；重出席，考上課內容。,3
金尚浩,台灣文學,韓國人，口音有點重，分數普通,1.2
李威熊,,不點名,0
劉明傑,,交報告,0
陳昭明,,重點名、有作業、無期中考、期末考上課內容；期中考選擇填充，期末考簡問答，沒報告，重出席。,4
陳昭明,民法實用,期中後讀報告，錯字不能太多，考筆記重點,1.5
梁煌儀,,考前講重點、 open book,2
梁煌儀,,期中考分數相較於其他老師偏低，然後再加分，每節必點，找老師請假，上課PPT或國文教材影片,0
梁煌儀,古典小說,上課請認真準時，考試重點都在課堂中，分數不錯,5
梁煌儀,古典小說,上課很中文系，給分不高,0
梁煌儀,古典小說,點名，考前公布題目，會依比例調分,1
戴麗珠,,只考4首詩ㄉ默寫與翻譯、不點名,0
黃敬欽,,考上課內容,0
羅文玲,,作業考試又很簡單,1.6
李建成,,老師人不錯，好過，上課看看電影寫心得，每堂點,2
李建成,,沒考試，期中交報告，每堂課都要交心得，算好過，但分數普通,2
郭迪賢,,分數高好過，但是作業心得「超級多」，有參訪,1.5
郭迪賢,,被老師認識很容易被針對，講話讓人摸不著頭緒，功課量非常大，還有每次上課都會要求要寫心得，最後全部會評分，,6.4
郭迪賢,,但評分沒有一個準則，上課常常動不動情緒化，非常雷。,0
郭迪賢,,做報告自學,0
葉怡嚴,,老師人不錯，上課輕鬆，分數OK，很認真的老師,4.8
余賢東,,智慧財產權法概論，上課簽到，期中、期末考申論考試，只要會掰內容，,1
余賢東,,老師都不會給太低分，期末再交一篇心得，不限字數，也是可愛好過的老師。,3
余賢東,,上課以簡單案例說明智財，滿有用的！不會死背法條，上課須寫心得、簽到,5.4
楊璟琦,,點名、考上課內容,0
江仰婉,,少抽點、可不考期中、末考、but交5000字報告,1
楊美美,,有報告、考試要背、常點名,2
楊美美,文學概論,，老師人很好，好過!推薦!,4.8
楊美美,,這世界應該找不到被他當的人了吧,0
楊美美,應用文,有小考，網路有講義，貝多芬,0
陳慶元,,重討論,1
徐國能,,點名、報告,0
彭妙卿,,成績跟點名和大小考無關,1
劉良佑,,重點名、考選擇跟是非題，  考前講重點,4
許禎娟,,期末交一份報告、上課會點名,1
陳琬喻,,每節必點,0
簡上仁,,沒有期中考、期末考題目有一些是課堂上說過ㄉ、偶爾點名,2.4
詹文華,,隨堂作業當平時成績、期末會有報告是去美術館看展覽,3
劉孟晉,,期末做作品、偶而點名,0
許芸菲,,"上課抄筆記、,偶爾點名、期中交音樂報告",0
鄭淑芳,,偶爾點名、期中期末提前考、交一份40頁以上分組大報告,0
簡榮聰,,點名會通知、考試簡單,2
劉仲倫,,考影片內容及其解說、重出席,1
崔征國,,沒期中期末考、交兩份報告、報告要求嚴,-1
林季芸,,考上課內容、少點名、期末一個3000,0
林季芸,人造環境欣賞,必點，期中期末考、期中期末報告，不算好過但分數不錯,2
萬琍琍,,寫報告且上台發表,0
萬琍琍,,已退休,0
陳哲三,,考上課的筆記、選一個古蹟做成幻燈片上台報告,0
鄧鴻樹,,沒考試、有交報告、不點名,0
姚憶倩,,每堂必點、上課先預習、龜毛,0
黃智瑛,,偶爾點名、平時小考、期未考可選交報告或筆試,0
黃智瑛,,分數不好看，熱愛古典樂再去選,2
莊義芳,,上課作筆記，考試題目細，愛噹人。,2
莊義芳,,分數不怎麼樣，70起跳75大概是班上的最高分了，報告、心得、參訪、期末考。,1
劉常山,,考簡答申論、報告不好做；交一份為期兩個月的剪報,0
劉常山,,老師主觀意識太強，申論不好寫，分數低,-2
李元璋,,沒有期中期末考、小考、要交筆記,0
李元璋,,每節必點，上課分組討論與發表，無考試，交筆記,0
張靜宜,,點名加分用、報告不可抄別人的、考試事先給題目、平時有簡單小考,1
張勁燕,,不用上課都會過、但考試要會寫,0
張勁燕,,郭錫陽=郭80、點名、open book,0
張志相,,考試前告知考題、報告是30天的剪報,1
王志宇,,報告要準時交、點4次名、分組交報告,2
王志宇,民間信仰,人很好，有時會傳簽到單，期末上台報告，好過,1.6
經觀榮,,考試背一背寫多一點就會高分、點名是加分用、交作業,2
經觀榮,,會點名，上課看影片，期中期末考會事先公布，都是問答題，有期中期末作業，內容是上課看的電影,4
黃漢青,,點名、期未考遺囑一篇,0
張燕梅,,沒期中考、一份小組報告、期末考會給題目,0
賴惠芬,,考前給題目,0
林永崇,,上課露考試內容、考上課內容、重點名但不常點、交作業,2
林永崇,批判思考,入門課程很實用，筆記很重要！期中期末上課風格不一樣，期中要把握！,4.8
游惠瑜,,期中交報告、平日寫幾次心得、考筆記,0
黃登煌,,沒期中期未考、寫報告、要超筆記,0
黃登煌,,一學期點名三次，都有到五十分起跳，上課只要不要講話就不太管，書面報告是投影片內容，分數普普,3.6
王秀花,,每節必點、沒有期中期末、要交心得、全組書本大綱,2
陳中庸,,考前勾部分題目、有念才會過,0
曾一民,,點名事前先通知、考筆記、很好過、考試要背很多,3.2
張水木,,分數高、但須每節必到,1
張天佑,,考筆記,0
王振軒,,事先公布考題、點名先預告,0
陳坤森,,上課要到、報告要做,3
王謙,,好過、上課活潑、but分數低、不點名,1
王謙,,考題簡答分數低，上課不知道在激動甚麼，愛跟學生吵架，不點名,-1
王謙,,上課不知所云,0
王謙,大陸問題研究,上課用PPT要自己抄筆記，期中期末考筆記，都考申論，會提示，喜歡同學跟他互動,4
黎淑慧,,報告一次、重點名,2
黎淑慧,行政學,這門課比較類似是「領導學」，要買指定參考書，寫心得，上課會分享老師個人事情,3
黎淑慧,,行政學，老師很有經驗，上課頗風趣，考試就是背課本，要90分以上就要背整本包含細節，,3.2
黎淑慧,,另外，報告85分起跳，作業有完成可加分。,0
黎淑慧,,老師分數給很高，報告有兩份，只要有做作業或上台發表言論,0
黎淑慧,,然後有期中期末考，要背課本的東西,1
黎淑慧,,比較偏向領導學，不像是行政學,0
蘇詔勤,,"期中考報告代替,題目自訂、考題事先公布",0
張子揚,,考題是非題,0
張子揚,國際關係,算好過，點名算成績，考試會先給題目,1
林維新,,不點名、考題事先公布,0
林維新,,對政治有興趣的可以聽到很多八卦，分數普通約7x，期中期末各交一份心得，看上課人數點名,2
陳明舜,,考前提示題目,0
劉毓卿,,第2節點名、考題有看書就會寫,2
許嘉昇,,沒期中考、期末考是非題,0
廖婉君,,點名、open book,0
蔡蕙芳,,沒期中考、期末考open book,0
陳昭明,,期中考選擇填充、期末考簡.問答、沒報告、重出席,2
陳昭明,,公司及票據法/民法概要，老師年紀很大也很愛亂扯，上完課會想念他，老師懂很多也會分享很多，對同學也很好!推!,12.8
陳昭明,,考試很簡單，有認真讀書一定會,4.8
劉南英,,抄筆記、重出席、考試考上課說ㄉ、open book、考前會洩題，答案自己找課本,0
盧良在,,點名、考筆記,0
,老師教得好、上課要作筆記、要交報告,點名5次不到死當、期末報告3000字交,蔡振志
蔡振志,,舊版資訊已無參考價值，基本上期中期末考都會提前給題目，最後一堂課一定要到!,4
蔡振志,公民社會的政策參與,普普，人好，但報告有點多,0
林賢治,,不背=當,1
林賢治,政治學,推薦！會分析台灣政治現況，每堂必點,2
李玉瑛,,作業多、簽到,0
林金福,,題目幾乎是心得、每節必點,1
林瑞發,,不點名、無期中考、期末考交一份報告,0
林瑞發,,學校要求點名，期末報告有點麻煩，內容不符合期待,0
林瑞發,心理學,拿個學分可以，但東西有點少,0
楊裕仁,,考卷考前發回去寫、分組報告上課內容,0
楊裕仁,,教育學概論，考卷會先公布題目，大一到大四每周輪替報告影片辛德，有缺席限制，可以補課,0
楊裕仁,,好過，分數8x,1
李星謙,,每節必點、考試簡單,1
蔡佩珊,,書面報告、加分作業、無期中考、 期末open book,0
馮景如,,每節必點、考4題深論、每題120字以上!!考試輕鬆但必點名！,1
陳斐娟,,常點名、沒期末考、偶爾有作業,1
陳介英,,每節都點名,0
胡鳳生,,一份報告、需上台、沒期中考、為轉聯的社團指導老師,1
楊蜀珍,,老老實實上課、作報告...,1
潘才學,,會點名、要報告、上課會分組討論,3
潘才學,性別教育與服務,老師上課很有內容，可以學到很多，期中期末有書面報告和分組報告，都有完成就好過,3.2
鄭梓,,個性有點消極、雖上課後會有點低潮、但會了解台灣過去的歷史痕跡,1.2
張華葆,,有報告、考前會勾重點,2
張梅英,,簽到，期中期末有報告，考選擇題,0
張梅英,,老師人不錯,1
馬彥彬,,考問答題、解釋名詞、 申論,0
馬彥彬,資訊化社會,每節簽到，認真聽可以學到很多，只有一次期末報告,1
馬彥彬,資訊化社會,傳簽到表，上課輕鬆，禁止聊天，可以學到東西，老師人很好,3.2
何信瑩,,每節簽到、考期中考、沒期末考、小報告、大報告是書面加口頭報告,3.2
陳森松,,重點名,2
陳俊卿,,不點名,0
謝國成,,考前會提示、考試考筆記,1
洪裕勝,,報告、不點名、分數高,1
方文碩,,考選擇題、不點名,0
林憲德,,簽到、報告、考上課內容,0
涂春永,,每次交作業、考前說題目、重出席,0
劉平文,,記熟上課筆記、例子、簽到，企管大刀但外系好過,1
黃聰輝,,重出席、考前勾重點,2
游慧光,,重出席、考平台、作業,1
滿肇怡,,一定要聽課、不點名、考填充題、非常難過、是個大刀,3.6
滿肇怡,投資與理財,期中期末各50%，上課用PPT，請認真上課,2
宋懷德,,"教官，人很好，心得+報告，好過，""服務專題""只需要上半個學期，剩的自行找時間做志工12小時",9.6
夏育群,,點名,0
魏念昆,,點名、交作業、90起跳,0
鄧嬿娥,,點名、事先公布題目、考筆記,0
劉文甦,,點名、勾考題,0
劉文甦,,好過，上課要抄筆記，因為期中期末考都考筆記，而且考試是open筆記,3
劉文甦,衛星科技應用,抄筆記考筆記，請照老師方式解題,0
高承恕,,每周上課心得，期末拍影片,0
施漢鵬,,上課照念，不點名，考試與分組專題報告,0
施漢鵬,,晚上上他的課很難熬，很無聊想睡。,1.6
施漢鵬,,分數好，好過，不太點名，作業有交會過，上課別太吵,4.5
周明智,,超好過、but會點名,1
楊文燦,,不考試、不點名、很好過,1.6
蘇宜莉,,錯誤：509,1
喻家駿,,會點名、考試有考題,1
簡正一,,不點名、報告,0
林泰生,,open book,0
丁幸一,,每周交報告、點名,0
黃思倫,,超好過，2000心得報告，期中期末不難，考前看PPT，申論多寫一點，High pass,1.2
王釋逸,,性別關係，課還滿好玩的，偶爾點名，考試不難算好過,2
黃元照,,新老師，教海洋生物多樣性與保育，人很多，上課內容豐富有趣，因為他自己本身屬此專科，因此他會告訴大家有許多,3
黃元照,,有趣的案例，班上同學都滿認真聽課的,5.4
吳秀英,,應用文，容易過，上課必簽到，考試有期中期末，期中是公文，會挑一篇公文示範給你看，把它全部背起來就好，不難，,9.6
吳秀英,,老師會要求另外加寫一兩條事項，建議不要裝懂，免得被罵，期末是自傳，要求自傳相親文，,1
吳秀英,,期末可帶稿去抄。,0
吳秀英,,想要學東西的請斟酌選課,0
李昌麟,,夜通識，好過，考試只要有寫都會及格，題目大都是課本的一些定義，除非都沒去考試，要不然不太會被當，,4.8
李昌麟,,上課喜歡挖人問問題,1
李昌麟,,上課喜歡和學生辯駁，會希望學生買書，但可能沒有要教,5
林季芸,,不算是好輕鬆過的，感覺是非常重視上課態度的老師。,6.4
金尚浩,,傳點名單簽名，算好過，考試題目大概都是問題與申論。,1
金尚浩,,每堂課簽到，點名分數很重,1.6
盧韋聿,世界音樂文化,會簽到，有期中考，內容是期中考前的回家作業與上課放的音樂，期末分組報告，如果都有完成，算好過，分數不低,2
黃圻文,生命的藝術,期末報告讀一本書，其中也是報告，簽到，算好過，分數可接受,4.8
林煜棋,環境生態,上課偶爾點名，有期中考OB，期末團體報告，不難，分數可接受,4.8
劉坤鯉,政治學,上課抄筆記，內容很實際，會告訴你政壇的事，很有想法，期中期末考筆記內容,3.2
劉坤鯉,政治學,比祭典，考試ob，分數普,0
劉秀齡,生死與哲學,每堂必點，各種報告，內容有興趣收穫良多，老師人好感姓，喜歡有互動的學生,1
劉秀齡,生死與哲學,必點，報告不少，對哲學有興趣可參考,3.2
許釗諭,醫學美容與人生,每堂必點，出席算重，考試考問答，都是上課PPT，PPT不外流，上課也不能拍PPT，要認真抄筆記，內容豐富,3
許釗諭,,但老師講話有點小生，想聽醫美的可以去認真聽，想賺營養學分的千萬別去,3.6
宋明弘,智慧型創新,上課都在看youtube，作業有點難，有些不清楚，好過但分數普通,1.2
張漢威,肇事科學鑑定實務,考試帶任何筆記或書進去就好，可以學到東西，出車禍時就知道該如何處理,1.6
張漢威,肇事鑑定,推薦有心上課的同學，想混就別選了,2
劉杜鎮,醫學與人生,輕鬆上課，有出席幾乎都會過，主要講解醫學知識，PPT有紅字的是考試重點,4
蔡宜宏,夜通,[智慧財產之保護與實務,1
王祥齡,文學電影DIY,上課看三部電影分組報告，期末拍影片,0
王祥齡,文學電影DIY,好過，老師人很好，學到不少,3.2
雷祖強 陳昶獻,藍星球綠生活,每節簽到，認真聽可以學到很多，每次上課會請不同的教授來上，三次心得報告，一次期末，不喜報告慎選,3
吳元豐,倫理思維與社會正義,上很多哲學的東西，要記哲學家的名子，老師上課認真，說很多故事，上課要做筆記,2
袁維勵,奈米科技與生活,有時傳簽到單，有時發筆記單當點名，人不錯，好過，分數不低,1
袁維勵,奈米科技與生活,點名方式為ilearn寫筆記，分數不高，請參考,0
劉森堯,英文美學/夜通識,強調上課不能玩手機，踏到老師的點就難過，請參考留言#251,-2
黃輝慶,,想好過又想學一些日本文化的可以修，背多分，交報告，好過,3.6
黃輝慶,日文,前身為駐日外交官，認真上課可以學到很多東西,1
莊慧淨,,喜歡演戲的可以修，會有期末演出，演完以後就不用再去上課，但老師情緒有點難以捉摸,2.4
莊慧淨,,除非有興趣要不然請斟酌,0
莊慧淨,歐洲舞台藝術表演,老師有點嚴格，不過只要認真投入就可以完成過!,4.5
鄒繼礎,心理劇與自我成長,印象分數重，每堂課都有作業會點名，邊緣人不擅交際者請避開,2
鄒繼礎,心理劇與自我成長,全英授課但不難，老師會翻譯，基本上有到作業有交多參與課程就OK,3
郭靜怡,智慧的天空之眼,，好過，老師第一次帶通識課,1
林煜棋,環境生態,偶爾點名，好過,1
強本高濤系列,,各個老師輪流上，三個作業、出席、上課、期末報告40%，內容以地球環境永續發展相關,1
黃慶輝,日本歷史與文化,很好過，請同學不要明目張膽翹課,1.6
謝孟勳,專案管理基礎知識培養,上課輕鬆，但要求要考證照，讀題庫都會過,2
張智翔,生物學與生物倫理,內容大概和高中生物差不多，好過，成績普,2
張智翔,生物學與生物倫理,人不錯，只要有考試應該都會過,1
張智翔,,每次老師不固定，請業界醫師授課，算好過,1
王嵩山,台灣原住民族的社會與文化,每堂點，考試OB,0
林鴻圖,民法概要,非常會教保證學的到東西，但很兇!!!!出席率很重要!!!分數好,6.4
黃千容,社會形象創造專題,老師人好易過,0
許聖富,生活中的工程與科技,每節必點，分數略低,0
陳秀文,從風景繪畫看台灣歷史,人好，必點，分數不錯,1
傅俊中,綠能與環境,好過，人數太少會點名，考試不難，報告考試都有弄應該沒問題,2
溫大君,科技與倫理,內容簡單，盡量不要翹課，考試內容請寫多，跟著上課的方向寫就可以高分,1.5
郭錦津,世界建築欣賞,沒考試作業多，學的東西可能比較少,1.5
何麗齡,實用營養學,重出席，考基本，人好不難過,1
詹授合,阿拉伯世界,內容有趣，分享一些趣事,1.2
李允中,創意思考,重印像分數，評價不太OK,0
王祖淼,儒道思想學情緒管理,上課講道理，人算不錯不難過,0
陳奕靜,智慧城市與行動應用,上課輕鬆，人好，學到不少東西,1.6
李舒亭,美好時光社群劇場,參與度高的話分數就好，輕鬆,4.8
張峰碩,居住與城市研究,基本英文，上課不難,2
張景星,,很好過、老師人很好,3.2
楊偉鈞,,人很NICE，常常與學生哈拉，對體適能很放水,0
楊偉鈞,,人好，但必點,0
郭瑞益,,不錯,1
汪敬三,,上課必須認真、練習才會high pass,2
黃建賓,,不錯；新增：分數普通，會分組比賽，較不自由,4.2
黃建賓,,不是大刀，但重點名，被當是因為翹課,2
勞安妮,,上課認真，適合想學東西的人去上課，想要涼課的可能只會被趕走當掉，需要對體育有熱忱,4
勞安如,,好過,1
楊雨郭晨,,必點、上課滿輕鬆的、考試簡單,5.4
楊雨郭晨,桌球,幽默人好,1
鄭清榮,,必點、上課滿輕鬆的、但要記得練球,5.4
湯龍雄,,龜毛,0
蕭富鴻,,必點、期中考及格了、期末考就放心了、好過,3
陳銘鐘,,好過，大一體育第一次上課給他不好印象的話會發飆XD,1
張宜正,,老師人很好、會點名，high pass,3.2
張宜正,,排球每周分組比賽,0
張宜正,攀岩,小考口號、裝備穿著，可以玩垂降，期末考側爬,0
林金杉,,超好過,0
沈輝雄,,超好過、首節點名、沒去也會過,0
朱文光,,超好過、只要蹺課不超過5次,-1
朱文光,,更新 本學期有開課,1
朱文光,,更新 在中文系仍有開課，好過依舊，是個很暢談的老師,6.4
王玉西,,難過、別修她的課,-1
郭春芍,,必點名、但有事可請假、考試簡單,3.2
郭春芍,,必點，學很多，好過,1
郭春芍,,可請假三次,1.6
汪在莒,,必點名，他的課幾乎都需要一點基本體能，要不然上起來有點辛苦，但人很好,4.8
汪在莒,,只能三次缺課，請假也算缺課，可以找老師其他選修體育課補課,0
汪在莒,,版主按：不建議去補課，老師的課幾乎都很操，該還的總是要還XD,0
劉佳哲,,人不錯，教得很認真，很喜歡考試，一學期有三次曠課機會，超過三次會當，考試沒過可以補考，,6
劉佳哲,,易過程度還好。,0
劉佳哲,,是個極端的老師，會依個人喜好讓你過，也有可能會讓你成績直接消失、狂釘你,9
劉佳哲,,恩，評價兩極請參考#402,0
劉品坊,,上課風趣，上過他的韻律舞蹈還滿開心的只是不能缺課，缺一次補一次，缺三次扣考。,0
劉品坊,,缺課三次扣考，老師很有名!在意分數缺課去夜間補課，詳情請參考#369,3.2
劉品坊,,男女想塑身認真上一定有成果，但會比較累，可以學到很多不能遲到,4
吳子揚,,高爾夫球要繳器材費，上課輕鬆活潑，體適能與分數自己填,2
游至樞,高爾夫球,必點名，校外上課,0
黃正一,,非常認真的體育老師，不好選，上課較要求,1.4
許志祥,,足球課輕鬆好過，務必出席，老師人很好，是個足球悍將,6.4
陳富美,,每堂必點，最多缺課三次，體適能前比較累，之後就輕鬆，交期中報告,3
林志遠,防身術,超好過，會學到很多防身術的知識或運動方面的，老師人很好，每節點,3.2
吳蕙米,瑜珈,教學有點沒耐心，只能缺課兩次,1.2
劉嘉豪,游泳,上課幽默風趣，不會教到會,3
溫麗香,韻律舞蹈,每節點，人好分數好,1.6
許家得,大一體育,人好，服裝要求，教的東西扎實,0
趙宸紳,,每堂必點，缺四次當，服裝很要求！,0
盧裕山,太極,上課要到，有趣！,3
吳昱瑩,,上課有點沉悶不過很認真教課，偶爾會用問題抽點名，無作業無報告無小考，期中期末提早考，,3.2
吳昱瑩,,因為是新老師還不太會抓考試難度，所以考的超級簡單，超好過,6
吳昱瑩,,新人上課教學認真。,1
吳昱瑩,,期中簡單期末很難，有差異，建議期中拚高,1
吳昱瑩,,有小考，幾乎每堂都有作業，會簽到或抽問當點名,2
吳昱瑩,,老師人很好，課程進度慢，適合沒有基礎的人修，好過，偶爾點,4.8
李人先,,好過，李90,1
李敬修,,好過、上課無聊、講課很小聲,0
萬琍琍,,教得好、滿嚴的、不好過、萬40、but學很多,0
張雪玉,,逢甲日文教的次好的老師，只是老師發音和張雪玉老師與日籍老師比起來有些差異，但是老師會用,3.6
張雪玉,,英文來講解日文文法，對初學者來說可能比較好懂。,4.8
張雪玉,,這學期開始不需交報告，作業只要寫課本裡的就好，跟著步調走，基本上不難,4.8
張雪玉,,教得很好、很嚴格、非常不好過、張30、but學很多,0
張雪玉,,逢甲日文教的最好，出身日本東北大學國語學系,1
張雪玉,,所以發音很標準,1.6
張雪玉,,標準有稍微降低。,1.2
張雪玉,,可以學到很多，考試不考選擇題，沒唸真的不會，題目滿多的，是個很認真的老師，認真可以學到很多,4.8
張雪玉,日文,上課非常仔細，選課常爆,1.8
陳雅暄,,教學方式活潑，每堂都要簽到，有口試有小考。,2
陳雅暄,,上課考試都很簡單，但學不到甚麼,1.6
陳雅暄,,教的很好，建議完全初學者跟著老師，建議完全初學者跟著老師學，每堂必點，有兩次小考，,6
陳雅暄,,期中期末，選書選的不錯，有口試，跟著老師的進度走會很學到很多且考試不是大問題。,3.2
陳雅暄,日文會話/觀光日語,上課活潑不錯，簽到/固定座位，觀光日語建議有點基礎,3.6
紀惠珍,,躺著也過分數高，老師不太會教，學不到日文，選課請斟酌。,2
黃煇慶,,駐日大使館主任退休，老師精通很多日本企業和官場文化，而且人脈很廣，考試前會有複習課，,1
黃煇慶,,分數很甜，與其說是在教日本語，不如說是在教日本文化，如果有要去日本留學，可以跟老師打好關係，,1.6
黃煇慶,,拿推薦信!,0
陳俊廷,,非常好過，分數高輕易9x，老師人又好,6.4
李金娟,,完全不知道上課在說甚麼，想到甚麼就講甚麼的老師，期中期末至少要背80個日文單字，還要記住漢字怎麼寫，文法也不知道再說甚麼，是個人很好的老師，但不知道他在幹嘛，老試題目頗難，要認真背。,6.4
李金娟,,上課喜歡放CD聽單字，建議有些基礎的再修，詳情參考留言#266,2.4
李金娟,漫畫日語,老師人好，講義內容不錯，但建議有點基礎,2.4
李金娟,商用日語,比較難，要有基礎,1
郭毓芳,,每節點，討厭遲到翹課，常小考，期中期末都是考課本內容，有念有分，適合學習基礎,1
郭毓芳,日文會話,教的基礎實用，只要有五十英基礎應該滿好懂得，算好過,3
郭毓芳,外文系日文,老師人不錯，必點，不喜歡翹課，可學基礎,2
楊謦琦,日文,幽默好笑，注重發音，對學生很好，分數ok，大推,9.6
林盈萱,日文,教的不錯，考試不難，不及格有補救,2
周美麗,,教的好、滿嚴格的、可學到很多,4.8
史學慧,,幾乎上二次課考一次試、但內容簡單、有念的話80分不是問題、期中期末考時就輕鬆了,3
謝華慶,,超好過、大熱門、很難選到,1.6
劉鼎清,,普通，上的好，作業要求都要做，有點嚴格,3.6
楊宜芬,,有上菁英學程，教的不錯，有自己的原則，分數大概80上下,2
施惠家,,有上菁英學程，教的很好，分數普通，可以學到滿多東西的,3.2
李森,,不好過，功課很多,-1
Matthew,,上課有趣，分數普通,1
Murphy,,上課沉悶,-1
凱達西,,上課小無聊，但還OK，簽到,0
文庭樹,,作業很多，但可以學到很多東西，上課也有趣，只要有去上課，分數算好拿,1
唐蕙屏,,老師超級moto_cycl_，自我感覺良好，請假還是算缺席，請同學斟酌選課,2
張淑英,,偶爾小無聊但老師人很好，認真學可以學到很多東西，要分組作報告與有小考。,4.8
麥科立,英文中級,上課有趣，課堂氣氛好。好過，有許多加分機會，需要看英語小說，會有小考,9.6
陳函瞳,,每節必點，重小組討論，盡量不要缺課，老師人很好教的詳細清楚，可學到很多，每節課最後有聽歌填空,8
唐西恩,英文高級,人很好，幽默風趣，上課必點，偶爾會小組討論或玩遊戲,6.4
唐西恩,外文會話,教得很好，很活潑，會跟學生有互動，基本上沒甚麼壓力,4.8
唐西恩,,上課有趣，必點，分數好,3.2
藍文蒂,英文會話,外籍老師，簽到不點名，人很好，考試也不難,3.2
林珍珠,應用英語,教的普普，常點名，人還不錯,2
李希奇,,重點名，會抽人英文問答,3
陳惠玲,,少數英文課能用英文清楚教學的老師，上課很認真不能睡覺，常常為同學著想,8
王淑真,,給的分數,0
王淑真,,分數普普，沒有特別高,1.6
王雅慧,商英,老師人好，但有點健忘，遵照上課發的大綱準備就不難過，會要求學生和助教對話，分數給的不錯，幾乎點名,3.6
陳翠蘭,大一英文,老師人不錯，靜宜大學老師，每節點名,2
周玉楨,,頗用心對學生還不錯的老師，每堂必點但很好溝通，滿為學生著想的老師,9.6
王柏婷,,老詩人好，常點名分數高,3.2
林依蓉,,老師上課可能較沒耐心，考課本，不難，不能遲到,4.2
楊秀慧,英文,面試分數不低上課不點名人好,0
許展嘉,英文,分數算不錯，從基礎開始教,2
余詩芸,英中,考試不難，教學活潑有趣,3
黃青雲,,上課偶爾簽到點名，期中期末不難，高分好過,2
魏傳昇,,好老師，上課認真，隨堂考有加分，不懂教到懂。,3.2
魏傳昇,,有修到魏老師的課，真的是上輩子燒了好香，偶爾課堂小考，加分用，老師人很好,6.4
魏傳昇,,不認真上課的話就不好過,0
楊懿淑,,綜合班，重視出席率，要認真上課，考試可以攜帶A4的紙一張，想寫甚麼筆記或之前的講義都可以，,4
楊懿淑,,整體來說好過,1
張志鴻,,鬼之大刀，非常重視上課態度，一刀半班，絕不手軟,2
張志鴻,,最好算刀，就算都沒去，微積分期中+期末100分以上就過了...,1
張志鴻,,何況還有作業加分，考不好就認命點多交點課堂筆記,1
張志鴻,商二微積分,有同學反應曾經用投影片教學，等到改回板書，微積分也回不去了,1
張志鴻,,不刀,0
張志鴻,微積分正課,上課有趣，認真上課多算題目，期中考個八十不是問題，不算大刀，筆記好理解,4.8
張志鴻,微積分,攻略方式：上課坐前面認真讓他記住你，抄筆記、交加分題，多問問題，上課態度重要，有態度必救,2
方瓊苑,,正常班會加分，綜合班不加分，上課抄筆記，考前會說考那些題型，題目不難也會提醒公式，有認真,4
方瓊苑,,算就容易過，但不認真大四也照當。,4.5
張桂芳,微積分,簽到，人超好，考試前會洩題，上課不能說話太大聲,1.6
林英志,微積分,上課節奏快，老詩人好，分數不錯,1.6
張其棟,微積分,教得很好，人很有趣,3.2
黃同瑤,微積分,教學認真，點名盡量全到考試不要太誇張都會過,1.6
黃同瑤,微積分,教學認真值得推薦的好老師,4.8
陳宏賓,微積分,上課用心，筆記要抄，算好過,2
林宗志,微積分,很會教，好老師!上課認真都有分數,3.2
林維鈞,微積分,有難度，會當人，有點英文基礎好!,4.8
林彩玉,微積分,不難過,-1
廖啟照,,聽說好過，但經驗上老師上課無內容，問問題不回答，考試未提前說要印複習卷，羞辱全班，萬一不小心遇到請期中投降,1.8
郭錫陽,,點名用簽名的，都有到，期中期末交個心得兩篇,2
郭錫陽,,老師上課都播影片，自己都在神遊，問問題會聽不太清楚，要扯開嗓門才聽得到！,6.4
呂晃志,環境科學概論,老師人很好，PPT上課，期中期末有寫有分數好過,3.2
賴昆榮,,人好、但也會當人,1
胡士文,,好過、讀筆記,1
彭德昭,,教的很好，彭大刀；新增：教得很好，上課有趣，想學經濟的必選，點名看心情，作業不能缺交，缺交當,6.4
鄭保村,,不好過、無聊、不知所云、期中考有考古題,-2
朱弘毅,,為人怪怪的、點名全到、就差不多會過,0
陳至還,,抄筆記、好過點名有到會加分、期中考考古題,3
陳瓊玲,,不難過、印象成績重,0
鄒繼礎,,好過,1
徐繼達,,算好過,0
徐繼達,經濟學,上課抄筆記，筆記以後看會很有用,1.6
徐繼達,個經,期中期末都考四題問答，都是上課內容，有唸有分,1
徐繼達,經濟學,教學十分認真，每堂必點！,1.8
陳善瑜,,超難過、上課教基本、考試考應用,0
陳善瑜,,算好過吧，給分還可以教的不錯,1
王葳,,教的普普、實習考試超多,0
王葳,,教得很好,1.6
李文傳,,講解仔細，有上課不難過,0
李文傳,法律經濟學,點名全到平時成績全拿，期中期末全申論，考題就上課PPT有唸有分，會去實習法庭,2
李文傳,經濟學,老師人好，上課也不錯,1
施清火,行政法,來校兼課的檢察官，不刁難，重出席，人好有耐性,1
劉宗欣,,滿常點名，人親切，上課講解清楚，算中規中矩,2
劉宗欣,國際金融學,偶爾點佔分高，上課輕鬆有趣,3
廖重宏,民法概要,人不錯也會教,1
蔡欣甫,,新進教師，上課滿有趣的並且會自備PPT，講課清楚，不會難過。,5.4
楊坤峰,,似乎是外聘教師,0
楊坤峰,,目前是合經系系主任，每節必點，超討厭翹課的學生，翹課和代簽都容易被當，教的OK，普通好過，分數給的,1.5
楊坤峰,,和平常表現及期中期末考出來的分數差不多,1
楊坤峰,,的激進言論，痛恨玩手機的人，容易過的程度普普,0
高秀蘭,,千萬不要選、但可學很多,0
高秀蘭,,是一個教得很好的老師，板書很多很詳細，老師人很好，其實期中期末不要太糟都會過,8
高秀蘭,,比以前好過一點，上課遲到會被罵,1.2
高秀蘭,,假日考試，有打工盡量別修，上課很詳細，有筆記有考古題有講解，有稍微變好過,4.5
吳榮彬,,超麻煩,-1.5
吳榮彬,,雖然麻煩但很有趣，可以學到東西，不會因為成績不好罵人，會因為態度差大罵學生，不論是老師為人還是上課,0
吳榮彬,,方式都和一般老師很不一樣,1.6
吳榮彬,,上課雖然麻煩，但不太會當人，可以學到很多，以前脾氣不太好，但現在改很多了，較不注重考試，重作業和報告,2.8
李文炯,,還不錯、都考課本習題,1.2
黃焜炎,,只要有點名的值日生有到就好了,4.8
吳進家,,大佛心，超好過，期中自己命題很簡單,1.6
林文欽,,抄筆記,0
林文欽,,認真教學，老師很可愛，脾氣很好，自己會做PPT，好過,8
林文欽,統計學,淺顯易懂，好過的老師,1
林文欽,,好過，必點，上課別說話,1
賴昆榮,,人好、但也會當人,1
賴昆榮,,教學認真，考試考古題居多，會換數字,1
林麗芬,,老師人很好，上課很認真，好過，基本上成績不要太悽慘，都會過,3.2
王迺聖,,考試都考考古題，分數看心情，有點龜毛，板書有點難懂,0
王婉倫,,上課用自編講義，聽不懂老師會再說一次，偶爾有小考，簽到，老師人不錯，不太當人,3
周宜強,統計學,大刀，必點，上課請認真!,1
康照宗,統計綜合班,人好，題目練習有寫對有加分，教的清楚易懂,2
張育瑋,應用數理統計,考試給題庫，老師人不錯,1
江耕南,,會當人、上課要很專心、作業超多，目前為系主任。,4.8
胡士文,,好過、讀筆記,1
林昆立,貨銀,教的不錯，可以學到東西，解釋得很清楚，期末分組報告每個人都要上台兩分鐘,4.8
林昆立,,少點，認真抄筆記!考試不容易,2
蔡佳芬,財管,最近越教越好，上課必點，喜歡說些課外的，會依照同學狀況調整,4.8
陳麗君,財數,人很好，用PPT上課，不知所云，期中考不好會全班補考，期末分組書面報告,4.8
洪偉峰,個總經,人不錯，愛聊時事，分享他的學生時光，用講義上課，考筆記內容，有背有分，人少才點名,2
陳奕勳,商事法,外聘教師，上課抄筆記，考試考筆記內容,0
劉炳麟,財資,人很好，每兩周有一次小組報告，學完會對excel很了解，偶爾點名，重視出席,6.4
李君屏,保險學,人很好，重視上課態度，考名詞解釋跟課本裡的習題F,3.2
楊明晶,,期中延後考，期末提前考，可考三個小時，有期末分組報告，有萬年筆記，教的不錯，可學到東西,4.8
王佳真,,好過，成績有商量空間，考題難，分數會微調，上課有點無趣，請斟酌,1.2
簡正儀,,幽默風趣好老師，凡事有商量空間，有實際操作零股的部分,4.8
吳東憲,會計學,考試作業上課都會提到，專心上課就差不多了,2
徐慧敏,銀行實務,考試不難，上實務!,2
王綺亞,,人很好、偶爾點名、教得尚可,1.6
賴炎卿,,主教會計，上課不怎麼樣，但如果常常和他互動會有印象分數，每節必點，以小小考為點名，所以就算是,3
賴炎卿,,白卷也要交，點名比重超重，都有到就好過,2
吳朝欽,,教得普普，但是人本身很有趣，會記學生的臉跟學生哈拉，重點名，挺好過,4.8
吳朝欽,經濟學,每節必點，會寫座位表，不允許遲到，成績給的不錯，上課不要玩手機,2
劉南英,,人好、教的也好、成績不低、但會抽點名,0
游慧光,,人很好、教的不錯、必點、考習題,3.2
王國台,,教的比補習班讚、多考考古題、不過考古題太多了、不是很好抓,3.2
王國台,,要把握小考,1
謝耀智,,教三個班的小考題目幾乎一樣、而且也幾乎和期中期末考題目一樣、所以不要選第一個考試的班就好了,3.2
李惠宗,,似乎將學生看成法律系的來教、有分組報告、分數不高、記得我們那一屆期中考最高分70,-1
朱覺民,,很有個性的老師、期末考筆試、不知如何下筆,0
曾秋梅,,是成會助教、人好、教得觀念更好、點名加分用,1
黃瓊如,,人很好、教得也好、有考古題、但不一定有用、不好抓題目、有報告,6.4
黃瓊如,財政學,幾乎不點名，上自己的講義不必買書，喜歡出考古題，期末比期中重要,3
洪國仁,,財稅系名師兼大刀，上課內容十分充實且教得很好，以前很難過，現在是還好，只要認真讀就會過，如果是財稅系的同學,1.6
洪國仁,,建議必修，這樣你的稅法才會扎實，目前人慢慢變好中，不像以前那麼難過，還是建議外系不要選老師的財政學，會崩潰。,2.8
洪國仁,,目前僅教租稅法，算大刀,0
許慧雯,,老師人很好，上課很認真，教的還不錯，是年輕的老師，偶爾點名，會不會一切看個人成績,8
陳盛通,財務管理,老師很親民，課程中會測試同學學習狀況與成效，可以輕鬆學財管，好過,6.4
陳盛通,,財稅系副教授，主教經濟類，上課認真生動，不喜歡當人，還算好過,4
曾子耘,,財稅系副教紹，上課不要太吵，基本上做甚麼都不太管，幾乎每節點，喜歡出課本上的題目，做熟算好過，管理考選擇，好過,2
曾子耘,管理學,上課輕鬆人好，但期中期末考試要讀的仔細，有難度,2
陳清河,個經,超級大佛，記得交作業,1
黎自奮,,好過,1
戴嬋玲,,超囉嗦的老師、作業很多,-1.5
龐寶宏,,超好過、有保險學基礎修較好、否則分數雖高、卻沒學到東西、上課無聊 聽說會突然暴走，暴走後會隨機當人,4.8
龐寶宏,,其實教的東西並不是無聊，而是太深奧了，程度不夠反而聽不懂,1.6
莊建中,,超認真的老師、內容豐富、不錯的課,3
呂瑞秋,,超無聊、考選擇題、分數很高,0
呂瑞秋,個經,雷，規矩多，分數普,0
蘇雲華,,不點名,0
陳振金,,他的課除了必修外、不要選、煩人財金系,-2
陳長城,,教得不錯、易懂、可學得多,1.5
江耕南,,會當人、上課要很專心、作業超多,4.8
黃建鋼,,很好過,1.6
曾鹿鳴,,老師年輕，愛說笑，上課輕鬆幽默，用PPT上課，當倒數五人,4
吳瑞雲,,保險法上的很好，算是生動活潑，別得罪老師，喜歡給予學生打氣，上課要回應老師,9.6
洪介偉,,人很好，冷笑話之王，作業一定要交，遲交也要補交，考前會重點提示，上課有點無聊，分數普通,4.8
謝偉國,,分數很高，喜歡學生熱烈回應,4.8
康淑珍,保險會計,報告做的完整認真分數就高，上課內容較為艱深,2.8
黃雅文,,年輕女教授，教的不錯，不太當人，人很好，偶爾說笑話,3.2
謝明宏,,上課常遲到，常請假缺課，不太教東西，有點讓人摸不著頭緒的老師,2.4
鐘玉輝,,實務界退休任課，重實務，只有期中期末,1
張智凱,精算實務與軟體,有難度，外系請慎選,0
鄒季博,,現在已經退修，在學校兼任，很無趣，不點名，期中期末各50%，不知所云,0
陳俊卿,通識/經濟與生活,不好過，考試會給重點但多的嚇人，上課必須照號碼座,-1.5
楊明憲,,人很好，農經相關的老師，作業有交的話分數會很高，是一個很健談的老師，龜毛這點其實還好,8
謝登隆,,教得好、考試普通，少點名，有點嘴砲,1.2
林文欽,,抄筆記,0
吳進家,,大佛心，超好過，期中自己命題很簡單,1.6
陳美夙,,好過,1
施雅琴,,睡很大，很無聊聽不懂在上什麼......都考考古題，找學長姊拿,0
宋健治,,不用買書，考筆記，期中考前會洩題，簽到表雖然沒分數，但最後會一次全部送教官,1
羅慶龍,,教的不錯，但似乎退休回來教課，帶的班不多,0
江怡蒨,,教得好，分數也不錯，國貿系系主任，可以HIGH趴,3.2
江怡蒨,,系主任卸任,0
陳香加,,英文上課、但會解釋、管理學報告超多,0
謝信芳,,常點名、上課不要遲道,1
朱海成,,嚴格、但教得很好、英文教學,1.6
金大勇,,上課滿輕鬆、但考題不好寫,3.6
蕭欽篤,,貨幣銀行學教得還不錯、國際金融較難,1
林延機,,老師教學認真、教得不錯、一學期一次報告,2
簡士超,,一定有一次報告、偶爾點名,1
楊志誠,,很少點名、考試會勾題目、分數給的不高,1
黃焜炎,,只要有點名的值日生有到就好了,4.8
羅芳怡,,年輕的老師，很前衛，報告要小心被噹爆，對報告要求高,8
羅芳怡,,管理學學得非常紮實，對未來非常有幫助，推薦,5.4
李元恕,,已經跑去行銷系，上課很有趣，考試不好考，考選擇，有難度，簽到,0
梁馨予,,上課認真步調很快，分數照規定走，跟不上會有聽沒有懂，會點名,3
梁馨予,,不想多說，不建議修她的課,-1.5
邱世寬,,教學認真，上課內容豐富，分數不錯，偶爾點名，推薦,3
邱世寬,,擔任國貿系系主任,0
王偉霖,,教學普通，新老師不熟悉學校考試制度...改考卷有自己的一套標準,3
曾鼎翔,,教學認真，報告頗多但學起來很紮實！考試分數高......,4.8
林呈昱,,教學認真，上課會洩漏考試題目，基本上就是背多少有多少分，平時會跟同學分享自己的經驗以及,2
林呈昱,,各項比賽、實習等資訊，推薦,1
徐瑞玲,,是個很認真上課可以學到很多東西的老師，俗稱徐小刀，但遵守他的原則，就不會當人，厭惡遲到的學生，,3.2
徐瑞玲,,三次缺課會被當，考試前勾題，會有點累但十分推薦的老師,5.4
徐瑞玲,,國貿系的學生對於國貿相關的基礎內容、丙級檢定等等請一定要選他的課，非常專業又認真的老師,7.2
徐瑞玲,,相關科系想學到東西一定要選他，雖然稱徐小刀，但不會當太多人，基本的原則有遵守就沒事，其實很好溝通，人很可愛,14.4
徐瑞玲,,也很好,1.6
黃秀英,,曾經是職場上的女強人，關於國貿相關的東西與商業英文等等，都有相關的實務經驗，可以學到東西，要求也是不少，,3.2
黃秀英,,最好她說甚麼就照做甚麼,0
吳廣文,,老師人很好，專業領域與行銷相關，常分組報告，上課可以學到不少東西，鼓勵學生多發言，老師會和學生意見交流，,7.5
吳廣文,,報告有交，考試不要太混，要過基本上不難。,0
劉翁昆,國貿實務,好過，貝多芬，請參考#420,1
許鈺珮,經濟學,必點，上課認真回答有加分，作筆記!不接受求情,2
許鈺珮,國貿理論與政策,大二必修，偶爾點，和經濟學授課方式相近,0
許鈺珮,經濟學,人好，但有點碎念,0
林呈昱,行銷管理,人好上課幽默風趣，上多少考多少，不接受求情，必點,4
林呈昱,,行銷系,-1
程英斌,,視覺傳達與品牌識別，不點名，每周電腦作業，期中上機考，幾乎有交有過,1
李元恕,,行銷系，上課很有趣，考試不好考，考選擇，有難度，簽到,0
李元恕,,好老師，上課有趣，考試有唸書就會!,4.8
簡士超,,一定有一次報告、偶爾點名,1
丁美靜,,老師人很好，有些課要交心得，每節課點名，但真的可以學到很多東西,2.4
丁美靜,產品設計,英文授課，必點,0
丁美靜,策略行銷,外系選修請小心，分數計算方式須自己注意,2
丁美靜,創意學,上課自由度高，強調讓學生發揮,1
寇敦智,,新老師，人不錯，不會刁難學生容易相處,3
林志煌,,老師人好，簽到，交作業報告就過,0
林志煌,品牌與行銷文案設計/廣告設計,著重實務，寫企劃、創意發想，外系因分組會有問題，請慎選,0
何晉瑋,,有時點，人不錯，請踴躍發言,2
王婉媜,廣告與行銷溝通,屬於較學術性質的課程,0
湛明暉,銷售推銷學,考試不難，上課輕鬆又學的到東西，外系也歡迎,4
許慧雯,,老師人很好，上課很認真，教的還不錯，是年輕的老師，偶爾點名，會不會一切看個人成績,8
康淑珍,,對於會計系學生要求嚴格、其他系則不會。,0
康淑珍,,對會計系學生要求嚴格，外系同想修中會建議修財金系中會會比較好過。,2
黃娟娟,,不點名、老師人很好,1.6
黃娟娟,,上課簽到，好過,1
黃娟娟,,不知所云的課，會點名，老師人很好這點保留意見。,3.2
黃娟娟,,幾乎必點，叫得還可以，但不一定會歐趴,1
黃娟娟,,碎碎念用PPT教學，有寫黑板補充的時候會寫得非常亂，會一直睡,3.6
吳恆惠,,幾乎每堂課都點名、上課要專心,2
吳恆惠,,以下更新資訊為2013.05.24 by#23會計小丹尼 提供,2
張森河,,選修簽到，不點名，偶爾會晚下課。,0
鄭佩玉,,會計系大刀，上課不能遲到、吃東西，不然會被罵成「垃圾學生」，,1
鄭佩玉,,課本如有錯誤，老師會罵作者是「白__」外系同學千萬請斟酌選課！,1
高惠松,,課堂都念課本，期末會調分,2
王光華,,好過，但是一章節都會勾20多題習題，每次考試約四章，所以準備起來滿硬的!,3
王光華,,但是題目多半跟習題一樣，約有40%選擇題題庫。,1
林嬌能,,高會大佛，上課抄筆記，偶爾會分享生活趣事，高會爽過絕對首選!,5.4
林嬌能,,已非大佛,-1
鄭春福,,老師說自己慈眉善目，不點名、不當人的老師。考試都從小考出，期中考、期末考,-2
鄭春福,,要考一百分選鄭老杯杯就對了!,0
張文超,,一個很自我感覺良好的老師，請斟酌。,1.6
張文超,,個人認為教得很好，一點都沒有自我感覺良好,2.4
張文超,,上課全勤但成績不好的話還是會被當,1
江向才,,想要學好審計學，選老江的課準沒錯!,1
江向才,審計學,請參考留言#157,0
江向才,審計學,可學到很多東西，期中期末考內容都是參考國考,3.2
蕭子誼,,老師上課有趣，而且會包含會計實務內容，但是也會當人！,3
翁慈青,,課上的超好，人也很好，從來不點名，還會告訴你東海哪裡好玩。,3.2
翁慈青,,現在會點名囉，但還是超級大佛+天使。,2
翁慈青,,請參考留言#157,0
翁慈青,,大推！人正又會教,1.6
翁慈青,,會計系公認的天使，上課很認真，內容都慢慢教，一定會聽懂，老師常常會分享要去哪裡玩要去,8
翁慈青,,哪裡吃，大推！,1.6
陳光政,,新聘專任助理教授，之前為本系兼任教師，管理會計好過。,1
許義忠,,上課有趣，大推好過，選課還不一定會選中。,4.8
許義忠,國際貿易與匯兌,可以聽到老師分享實務，學很多大推!,1.6
賴永裕,,有問題可以跟老師討論，例如作業或分數比例等問題，推好過。,0
張瑞元,,老師人很好，報告繳交日期可與老師討論，喜歡同學踴躍發言都會加分，不當人。,6.4
張沐雲,,注重同學出席率，期末可繳交加分心得或報告，考前會在臉書幫同學加油打氣。,3.2
林正彬,,套裝軟體ACESS，選修好過，另於企管系友開設資訊網路，好過大推。,6.4
吳恆惠,,統計學，熱愛小班制，討厭大班,-1
吳恆惠,,講話有點囉嗦，期中考考差的話別太難過，期末考有大幅度進步基本上都會過，面惡心善的老師。,-1.6
鄭竹君,公司及票據法,上課有點無趣，作業考試分數不高，最後五六個同學要小心,2.4
蔡旻秀,會計學,老師人不錯，每堂課都點，沒甚麼考試,1
蕭珍琪,,請參考留言#157,0
曹秀惠,會計學,教學還可，建議可以很專心上課的人選，偶爾點名,1.6
林惠美,綜合班,上課照PPT，內容跳來跳去有些不清楚不好懂，但分數給的鬆也不低，算好過,1.2
林惠美,大一會計,推，老師人好，改考卷彈性，助教不錯,3
盧鈺欣,會計,人非常好，非常關心同學，講解清晰會提醒同學小地方,9
施念恕,會計,上課風趣教學仔細,2
李滿春,會計,有口音，上課內容可能會聽不懂，但成績還可以,2.4
黃承啟,民法概要,老師人不錯，但上課東西不多，學分好拿分數高,4.8
劉平文,,人不錯、一定過、作業多又嚴、可學會寫一份好報告、會學很多、but很累/好過，幾乎都晚上課，看電影寫心得上台發表，輕鬆學管理,9.6
李柄南,,好過、不會當女生、課無聊、人很怪,0
劉樹澤,,好過但每節必點/已退休仍有兼課，好過，點名重要，有自己手寫講義，期中期末前勾題目，背多分,3
陳豐作,,好過、但成績不高、老師混、不去上課沒啥差,-1
劉玉琰,,普通、對女生很好,3.2
廖東高,,無聊、不見得會pass、比照會計系“陳俊卿、的備註,0
李成,,教的不錯,1
林豐智,,人帥、教的還好、別修他的“作業研究“,0
滿肇怡,,"一定要聽課、不點名、考填充題、非常難過、是個大刀/企管傳說中的""必修""大刀!!! 選修佛心來的",3.6
徐沅鍚,,除非電腦程式底子好、否則別想不開,0
張美燕,,還不錯/人很好，心理學博士，80UP,3.2
曾欽正,,還不錯/又稱企管大神，很好過，老師人也很好80UP,4.8
曾欽正,管理學,好過、分組報告，人好上課用PPT，偶爾點沒期末考，分數不錯,3
潘立芸(系主任),,潘立芸,0
潘立芸(系主任),,已調職,0
佘溪水(前系主任),,佘溪水,0
張嘉雯,,很好過，喜歡學生上台發表 2014.07.19更新 已調職,4.8
張嘉雯,,期中期末考考前都會發模擬試題,0
張嘉雯,,如果報告來不及或是忘記做，都可以補報告! 管理學沒有當人，希望同學透過報告了解,2
張嘉雯,,課程內容。總歸一句，大推！年輕、好過！,3.2
鄭孟育,,上課幽默，人很好,3.2
黃文柔,,上課平平，乖乖上課不刁難學生，也很好過,1.6
黃文柔,,作業可能會有點多,3
黃文柔,,有越來越多報告的趨勢，會使用反抄襲!,0
蕭國鐘,,上課跑BOSS,0
蕭國鐘,管理學,有些浪費時間，講課沒甚麼重點，會過,1.2
陳柏洲,,人很好，兼課講師，很好過，有人期中考4分，老師說期末考70就給過，考前勾題，背多分,1.6
林正彬,,老師人超好，會和學生溝通，不太刁難人,6.4
張清良,,兼課講師，應該是中小企業主，可愛，好過,3
彭信良,,老師是顧問，很愛噹人，喜歡漂亮女生。,6.4
張聰欽,,人很NICE，上課常會舉例、會點名、考試選擇題要做抱抱,3.2
陳建文,,課堂會有報告，嘴巴很犀利很毒,3.2
陳建文,,可以學到很多，普通好過,1
張寶蓉,,老師非常可愛，喜歡和學生互動，小報告每星期，大報告一個,6.4
彭信良,,待補充,1
張聰欽,,待補充,1
張聰欽,期貨與選擇權,老師是香港人很有趣，但是聽課有些不懂，板書潦草不好做筆記，有時會分享大學趣事，60分PASS不點名,2.4
吳如娟,管理學綜合班,新老師，不點名，偶爾隨機抽點，算好過輕鬆,2
汪浩,社會資本,輕鬆上課，重點名，上課看電影，小組討論，有書面報告,3
劉文榮,財務管理,字有點難懂，考試有難度，分數普,0
姚志豪,,有他的課必選，人超好，一定過,4.5
黃敬欽,,老師個性不錯、不會太難過、但老師不喜歡學生翹課、宜常去上課,0
李威熊,,政大名師、推薦選他的課、上課內容充實、老師學識豐富,3.2
林聰明,,要背很多東西、算是比較硬的學科、且都是必修、老師不定時抽點、雖有一點難度、但認真一點又不翹課、要過基本上不難,4.8
簡宗梧,,政大名師、賦學大家、值得推薦化的課、學識相當豐富、沒上過會很可惜,3.2
謝海平,,政大名師、上課作風活潑生動、互動式教學、學識豐富,1.6
謝海平,,更新，已退休,1
戴瑞坤,,很好過、但是上課學到的東西不多、考試前勾題目、並且附帶研究所考試範圍、如果私底下去問他問題、收穫是可以預期的,1.5
戴瑞坤,中國文物欣賞,貝多芬，好過,1
陳義成,,絕對好過、只要考試能掌握重點、要過不難事、老師也會分享一些旅遊經驗,6
張才興,,只要考試有引原文、報告有交、絕對會過、老師常藉著上課內容來談論時事,1.8
梁煌儀,,open book、但平常上課要注意聽、要過相當容易、老師上課方式輕鬆、但上課相當有內容,7.2
李時銘,,老師學識相當豐富、上課絕對有料、可以學到很多東西、很好過,4.8
李時銘,,非常要求小組報告，幾乎每堂課都會有人口頭報告，但老師人很好不太當人,3.2
宋建華,,前系主任、考前勾題目、範圍很多、但上課有聽又有整理、要過很容易,1.6
余美玲,,人很好、但是分數給的不高、在系上滿受歡迎的、只要按部就班、就可以過關了,3.6
張瑞芬,,人很好，報告會要求，通識課超好過，喜歡男生，期末考心得寫好一點就HIGH趴了,4.8
唐文德,,很好過、但上課沒有內容、只要不得罪他、考試保證很簡單,3.2
林孟靈,,超級好過的、老師人很好、考試寫的工整有條理,8
彭妙卿,,上課內容相當乏味、要交報告、考試多舉例子就會過了、不是很推薦去選他的課,1.6
彭妙卿,國文,其實老師人不錯,2
李寶玲,,老師要求相當嚴格、報告要以論文形式呈現、考試要寫到重點才會高分、過程會有點辛苦、但學到的東西很紮實,9.6
李寶玲,,不好過#403,-1
鄭  ,,很好過、考試自由發揮、就可以高分過關,1.6
呂文忠,,很好過、人不錯、私下可以問到很多電腦的知識、雖然他上課要求不多,3
馬以謹,,普通好過、有點龜毛、很注重報告、要認真做、考試要認真準備整理、會抽點,11.2
王祥齡,,算好過，聽聽他說話，分數給不低，但每個禮拜要背10首唐詩，所以也有人認為不好過,0
馬偉成,,不好過，有點怪，有的人分數高有的人低，有可能莫名奇妙被當掉，會噹重修的人,0
馬偉成,,101上學期修過馬偉成的^^ 補充說明,2
馬偉成,,覺得還不錯，這學期我是感覺他只是感性了點，有時下課會跟老師聊聊時事，老師很認真地跟我討論,6.4
馬偉成,,我自己的評價是好的，不過就是報告要交吧，反正都蠻簡單的東西,2.4
蔡麗玲,國文,好過，點名，教的普通，人好,1
李靜玟,國文,必點，報告稍多，教的不錯，老師很有原則,1.6
李靜玟,,上課不准滑手機等規定，請參考留言#256,1
李靜玟,,講解分析很詳細，可學到很多東西，上課有一定的標準,6.4
李靜玟,,建議認真想學東西、有毅力的人選!,2
李靜玟,,有個性，不踩他的雷都算好過,1
李靜玟,,上課嚴格但有趣，有個性，想混的別來，認真可學到不少,4.8
王森田,,幾乎每節點名，上課有趣，會分享個人人生經歷,3
林錦婷,大一國文,活潑個性好的老師，記得簽到不要偷跑，分組報告，期中期末及格過,6
劉志宏,國文,都會點名，期中期末分數不錯，上課還不錯,3.6
王正良,國文,準時到會加分，期中期末考會提示，有分組作業，人不錯,5
胡淑貞,,人很好，必點，作業大都在課堂完成，不太會當人除非常缺席,1.8
徐培晃,,新詩很強的國文老師，考試簡單，上課詳細,2
徐培晃,國文,認真的老師，上課仔細分析課文，好老師,4.8
徐培晃,國文,分數不高，其他普,0
邵玉明,大一國文,好過，上課少點名，學校要求才點，作業都有交就過,1
廖崇斐,國文,作業有交、報告有交，常點名，有些無聊，好過,1.2
林韻柔,國文,推薦喜歡國文和喜歡和老師互動的同學去修，是個非常厲害認真的老師，會受益良多,12.6
龔秀容,,上課輕鬆，人很好，引導思考、聊聊社會時事，請踴躍發問,4.8
馬嘉賢,,大推，好老師,3.2
蘇哲儀,,老師對學生算用心，作業有交分數不錯,3
蘇哲儀,,好過，分數好,3.2
蘇哲儀,,人還不錯，脾氣好，有互動,1
洪然升,國文,上的不錯，氣氛輕鬆活潑，成績普,4
洪然升,國文,人好，必點，成績不錯,1
鍾駿楠,國文,上課氣氛輕鬆，但會突擊小考，簡單，不缺課不缺考好過,3
彭馨怡,國文,每堂必點，人好考古題,0
張瑞麟,國文,上課用心認真，畫重點抄筆記,3
張瑞麟,國文,認真用心，不錯,3
魏猷恩,國文,人好可以得到人生道理，考前有總複習，大推,3.2
林慧咨,國文,老師人親切，有交作業、考試、不缺席，分數都好,3.2
洪英雪,大一國文,活潑可愛的老師，分數不錯,1
王惠鈴,大一國文,有趣的老師，人也很好，但分數普,3.2
曾愛玲,國文,非常推薦，人好給分大方,3.6
林俞佑,國文,上課有趣，風格開放，老師人不錯,2
林俞佑,國文,不錯的老師，有互動講話潮流！,2
黃麗頻,國文,人超好，和學生無距離，推！,4.8
周翊雯,國文,魏晉南北朝文學超強，上課注重互動，活潑、活力分數不低,4
陳立安,國文,考試考基本，有趣不難互動多,4.5
劉士民,國文,還不錯，分數好,3.2
彭芳美,外文系大一英文,上課畫重點講文法，考小考,2
羅珮瑄,,上課英文，不用買課本PPT上課，有交作業分數都不會差,-1
林羨峰,英文文法與修辭,使用自己的講義上課，有期中期末小考,0
林明洵,兒童文學,人不錯，上課有內容,1
林憲鋒,實用英文,恩，不是很OK,0
賈凱傑,,滿好過、偶爾點名、考考古題,0
張健彥,,算還滿好過的、偶爾點名、考題為大範圍,1.6
溫傑華,,經濟學全英文，考題英文選擇與是非題,0
溫傑華,經濟學,考試範圍較商學院少，算好過,0
楊宗璟,,筆記要寫，考前要來，有交作業就過，算好過,1
楊宗璟,,佛,1
莊又夢,,系選修，超好過，點名日期會告知，約一個月一次,1
王淵宗,,系選修，每節必點，考試勾書選內容，有背有分，好過,0
朱來順,,[站場經營與規劃要出席，報告要努力寫都不難過,1
曾柏興,海運經營與管理,老師很好，考試會提示,3.2
顏秀吉,都市計畫,人好不太刁難，考試有些難度但OB,0
陳建元,,千萬不可以穿拖鞋上課！尤其是上台報告根本找死必當；新增：不要穿拖鞋，報告要認真，考試有讀有分，上課有深度且充實,6.4
朱南玉,,想不過也難；新增：好過，認真的好老師，對學生不錯，考試簡單,9.6
楊賀雯,,偶爾口頭點名，會簽到，期中期末考前小考，幾乎都出小考題,2
王珍玲,,小組報告，比較會盯，選課請思考,1
何彥陞,,考試就是背法律，算是比較像補習班的上課方式,0
何彥陞,,跟外系比算好過了,1
楊文燦,,好過，做報告，考試簡單，依照老師政治偏好較好,6.4
林宗賢,,好過，上課有內容也有趣，做報告，考試不難考課本,3
謝靜琪,,教很爛，考試背多分，做報告，喜歡男同學,1
謝靜琪,,上課前會說清楚規則，貝多芬，認真上過可以學到很多東西，舊評價請參考就好，,4.8
謝靜琪,,事實上老師還不錯,2.4
吳明雲,,好過，上課簡報會放網路，靠是考簡報內容，有血有分,2
李瑞陽,,必修很專業，選修很親切，重報告與考試成績,3.2
鍾懿萍,,好過，做報告,1
沈明展,土地經濟學,上課輕鬆，很會教，報告認真做期末給分大方,3
洪本善,,看分數盪人，出席重,1
戴玲,,每堂必點、二次不到就當人,0
陳清標,測量學,分數不握，考古題重要,1
王怡然,,畫素描，好過，老師滿厲害的，喜歡帥哥,3.6
陳格理,,西洋建築史權威，內容豐富，需上課認真，不點名，超大刀,4.5
羅榮源,,油畫，好過，基本上想畫甚麼就畫甚麼,1
宋玉真,,好過，有報告，作業，對其他系來說稍微麻煩，外國建築旅遊介紹,0
羅仁豪,,好過，考上課PPT，介紹綠建築案例,1
劉佳鑫,,教的超好，好過，但可能不教了,2
林建隆,,好過，藝術家來著，個性漂泊,2
趙又蟬,,綠建築概論好過，分數不錯，需上課,3
魯漢平,,素描課好過，每節課都要交一張素描作業,1
杜方中,,考試要自己練過多遍，上課不是很OK,1.6
黃煥堂,室內裝潢設計,上課簡單，點名,1
高孟定,都市計畫概論,上課有趣有內容，每堂點、OB好過,2
莊永忠,製圖學,好過,1
莊永忠,空間資訊概論,老師人好，好過但分數普通,1
辜文元,網際網路地理資訊系統,好過bj4，分數好,3.2
劉曜華,市政學,上課風氣自由，鼓勵討論,1
劉曜華,,找與建築領域相關的權威人士來演講，會點名，要報告，內容豐富，系主任都會到,4
劉曜華,,建築系必修，熬夜爆肝都是為了他,0
實驗課 陳怡玄,,預報準時交，上課別耍腦__，要準時到，第一次上課會覺得他很moto_cycl_，但其實他人還不錯,8.4
李企桓,半導體物理,算好過吧,0
吳俊哲,,上課要認真聽，過去會考考古，點名要到,4
孔祥萊,,老師人超好，幾乎不怎麼當人，爽課,1.1
胡苔莉,,上課要非常認真聽，點名三次不到就GG，有用心聽才會過，沒認真等著被當,7.2
喻家駿,,會考小考，期中期末考考古,0
吳智超,,會考小考，也有考古可看也常點名,1
梁正中,,小考兩次加期中期末，考古勤算就會高分,1
江康鈺,,上課需要專心聽，常點名，老師很會記人，考試貝多芬,3
馮秋霞,,有作業一定要交，實習認真上，小考考高都有機會,5
黃東池,,好好先生，老師人超好，有考古可以參考,1.6
童翔新,,期中要報告，考試不好考，常點名，須認真聽,3
簡正一,,有的課是OB，老師人不錯，有考古,2
張立德,,英文很重要，上課要去聽,3.2
陳建隆,,老師人不錯，其他不清楚,2
李書安,,上課常點名，考試考很細，超級貝多芬,2
林俊德,,新老師上課內容掌握度較差，請斟酌,1
吳純純,,本系大刀 會點名 有小考 修她的課要很認真才會過 2013.1.2 by萊微兒,3.2
陳長城,,人很好 注重點名 期中期末考全班考差的話會大幅加分 2013.1.2 by萊微兒,4.8
陳長城,,會看學生上課態度決定，如果上課態度很差，考前勾的題目就會比較少,3
陳長城,微積分,上課會開女學生玩笑，不排斥者可選，不難過,-1
陳鴻慧,,作業系統，每節課必點名，考試分四次，各取20%，考試不容易，課本又厚，有時候會被老師衝康題目。,3
陳鴻慧,,如果不想把厚課本讀熟的同學，建議再考慮。,2
李英豪,,如果是大肆不去上課都會過，如果是大三，上課點點名，考試他會PO重點整理在ilearn，念那個就好，考試一模一樣,8
林玉雲,,人很慈祥、上課也很easy、不得罪他就不會被當、偶爾點名,1.6
林玉雲,,已退休,0
黃新峰,,人很風趣、上課比較不會睡著、很喜歡抽問、所以課前要把之前教的複習過、花時間下去就好過、偶爾點名,9
林震燦,,超級大刀、前系主任、上課會一直講、聽不懂、奉勸直接退選、不點名,3
林震燦,微積分,教的不錯，人很可愛，上課抄筆記，有上課講義,3.2
林震燦,,吃齋唸佛多年，大刀已鈍，考試背多分，會洩題,0
陳裕益,,上課很細心、必時常發問、好好先生一個、但並不會加分、不點名,1.6
沈秀雄,,上課很乏味、但上得內容不難、多準備不算難過,0
楊建成,,人很好、作業有按時教不偷懶、非常好過、偶爾點名,5.4
楊基源,,講話很低沈、上課不能手機、喝東西……等、常點名、超級處女座、配合一點的話不算難過,2.4
楊基源,,現在人好多了，講解詳細但速度稍慢，考前一周點名，不能缺席!,1
楊基源,微積分,偶爾點名不要考太差都會過,0
楊基源,微積分,人好，解釋清楚，認真上課容易拿高分,3
楊基源,微積分,上課仔細!,1
李賜福,,大佛,0
葉光清,微積分,必點，上課沒甚麼要求，好過,1
葉光清,微積分,好！出席重要！,3.2
曾勵新,,不只是應數大佛更是逢甲之神，BJ4,0
柯澤豪,,不點名、期末亂寫就ok,0
張志宇,普化,人好，認真聽可以多東西，好好念可以拿高分,4.5
洪緯璿,材料學導論,人好，但上課內容稍微艱深，稍微認真應該都會過，分數普,0
林昆明,應用力學,考試題目不難，有考古題都好說，認真上課90分沒問題,3.2
呂晃志,燃料電池,考筆記，貝多芬，上課認真有趣,2
李長署,產學合作倫理,人好，上刻有東西，有互動,1
陳鍚桓,,好過、教得很多,1
陳鍚桓,,也有意見表示：教的非常少，一直叫題目題目題目loop，會常提到他認識誰與政黨相關言論,0
林菲,,很好過、老師人很好,3.2
陳惠玉,普通物理,上課很難懂，要自己讀，會有小考，通常一當都是半班以上，比鬼之大刀更可怕,2.8
陳敬恒,色彩工程學,教學不錯，會點名，有小考作業,2
陳敬恒,,大刀，刀起來完全不調分，上課要認真!,5.4
劉榮平,近代物理,講課聲音會大會小，簽到，必修，非好過課程,1
李賜福,工程數學/電磁學,很認真的老師，不要太混都會過,0
鄭漢陽,,面惡心善，上課別太囂張,-1
王壘,,教得很好，考試好很細，要很認真，不難過，高分很難。,4.8
林宗志,,工程數學，教的超好，還有錄DVD可以看，一次聽不懂可以看很多次。,0
林宗志,,上課一定要抄筆記，睡覺、玩手機會被轟出去，老師秉持「你對老師好，老師,6.4
林宗志,,就會對你善良。你對老師不好，老師就會在期末考對你報仇。」老師對外系或,5
林宗志,,上暑修時會變大佛。,2
陳錫桓,,普通物理，教的超好，老師的普通物理書籍，港台三地都很暢銷。,3.2
陳錫桓,,考試也都考上課的例子，只要勤做筆記，一切都是小意思，好過。,1
陳錫桓,,已離職,0
楊文祿,,很好過、不去也會過,1.6
陳文雄,,不好過、不要選、極硬,-1
何子儀,,滿好過,0
劉紹宗,,滿好過、但千萬別讓他抓到作弊,2
張正滑,,會點名、很龜毛、要求很多、其實還算不錯、蠻有實務經驗,1.2
鄭進興,,極硬、不好過、且會點名、三次不到“死當“,-2
楊炳章,,很會教、不好過,-1
廖和恩,,極大刀、非常難過、不會加分,0
王啟林,,好過、什麼都不會也會過、但是會有三次點名,2
黃思倫,,很好過、但是最好不要翹課、考前會透露考題,3.2
柏小松,,上課枯燥乏味、會點名、考試題型固定,1
曹嶸,,上課輕鬆，懂不懂看個人，會出作業，基本上好過,2
劉文豐,,好老師，好過,3.2
李英德,,好過,1
李英德,,擅長解題目的老師，考試很簡單，每節上課一定會分組討論，得要先自行預習，要不然會跟不上進度,9.6
林菲,,很好過、老師人很好,3.2
楊豐瑞,,不好過但教的很好,0
陳志瀅,,教得不錯,1
楊水源,,非常好過、外號放水源、沒有小考,1.8
楊水源,,不能再叫他放水源了，如果是必修課，你又沒有學長姊的光環，還是有機率被當掉的，,1
楊水源,,聽說沒以前好過，但整體還是OK的,1
何滿龍,,好過、上課無聊、老師不太會教、但考題固定,1
孫建文,,難過又不會教、不推薦修他的課,0
梁寶芝,,好過、分數高、但會小考,2
楊炳章,,很會教、不好過,-1
楊文祿,,要很認真上課，可以學到很多東西，老師教得很好也很關心學生學習，不點名部小考，會出,6.4
楊文祿,,題給同學做報告，可以不教，但交了老師有說這門課一定會給你過，期中期末考要有本事考過平均，,3
楊文祿,,沒過老師一定會當,3
李景松,,可以學到很多東西，教得很好也關心學生學習，每節課傳簽到單，教完每章節會小考一次，,3.2
李景松,,考課本例題，好不好過見仁見智,1.5
劉堂傑,,老師對學生非常好也很會教，每節課傳簽到單，會點人數，把小考考題都搞懂期中期末考一定,3.2
劉堂傑,,可以及格，但還是會有一些變化題，全勤加都考平均分左右一定過,6
簡鳳佐,,老師教得很好，原則上有全勤加上小考都有考到，期中期末即使沒到平均也能讓老師放你過，,4.8
簡鳳佐,,但認真學期還是可以學到很多東西,1
林宗志,,偶爾點名，過去老師盯學生盯得很緊，期中期末不會加分，沒過就是沒過，但摸著良心說，,3
林宗志,,老師真的教得很好，只是老師每次考試都能抓到學生的弱點，有聽說最近洩題開始變多,6.4
林宗志,,有同學補充說明，林宗志老師正常來說都要修兩次?,3
蕭敏學,,想混的學生就避開吧，但有心想學的，非常建議推薦這位老師，可以學到很多,3.6
林成利,,上課十分用心的一位教授，考試都從筆記裡面出，老師會幫大家重點整理、考前複習，好過,5.4
楊炳章,,上的很好，認真學可以多東西，沒買課本的話筆記一定要抄，考試週前一節會重點整理與提示，,10.5
楊炳章,,個人覺得好過，期中期末考的好，上課都有到，分數不會少給，說難過的可能是太混,3.2
施仁彬,,上課很無聊，每節課都會複習上次上的，每次說的重點位置都不太相同，聽聽就好，原則上有,3.2
施仁彬,,全勤有過,0
王啟林,,上課很無聊，喜歡秀自己的新玩具，原則上也是全勤，期中期末不要提早交卷，比較不會有危險,3.2
曾憲輝,,全勤就會過，上課回答三次問題，平時成績滿分，即使期中期末低於平均老師也會讓你過,1
楊豐瑞,,不好過但教的很好,0
楊豐瑞,,注重出席率，期末考高就會過,2
楊豐瑞,,千萬別作弊,0
楊豐瑞,,不踩到他的地雷就沒事，上課不能玩手機、不能睡覺，老師人很好，對學生教學很用心，其餘請參考留言#169,3.2
陳志瀅,,教得不錯,1
陳志瀅,,期中期末考考題會變化，有點硬,2.4
陳志瀅,工程數學/微分方程,上課狂解題目，速度要跟上，不是特別好過,3.2
何滿龍,,好過、上課無聊、老師不太會教、但考題固定,1
何滿龍,,電子學只考例題與練習題，不管他說甚麼別管他看他上課勾的那幾題就對了，坦白說不背題目,0
何滿龍,,比起辛紹志偏難實際分數難看，但會依比例調分,0
何滿龍,,講到重點時聲音會變得非常小聲，聽他上課很累,3.6
何滿龍,,教學方式有些奇跁，全勤會過是騙人的,0
廖和恩,,極大刀、非常難過、不會加分,0
廖和恩,,不好過，不會考考古題，很硬,-1
廖和恩,,期中考考差要注意期末考，考高老師有可能會幫你加到過，不點名,4
廖時三,,電磁學考試簡單好過，要上網站與交一份小小的PPT,4
廖時三,電磁學,上課偏輕鬆，東西不會教太詳細，但還OK,4.5
辛正和,,電路學不建議修，課本用得不好，尤其是翻譯本與PPT都很不堪，建議修陳益生或辛紹志的，上課解法,3.6
辛正和,,除非你每種都會，他會跳來跳去的搞亂你，已經不考考古題，期中考考小考的前幾題,1
辛正和,電路學,上課跳來跳去搞得我好亂啊,0
辛正和,電路學,老師教得很好，會出作業練習，有寫作業和小考就會！是不錯的好老師,8
辛正和,電路學,上課活潑認真，課本英文會給中譯，不難過,1
林維崙,,複變函數小考多，只有一個助教，跟何滿龍的大陣仗比起來差超多,0
林維崙,,用心的老師，有唸書好過，分數可衝高,3
林維崙,複變函數/線性代數,教的很好，關心學生學習進度，認真的好老師，大推,8
趙啟時,,作業分數遠大於考試，不交作業也不用去考了，作業頗重。,0
趙啟時,,作業很重，有些吃力,0
趙啟時,,請參考本文留言#182則,0
趙啟時,無線網路系統,作業有夠多，期末分組報告，助教的課輔時間一定要去,3
趙啟時,,說OB考試卻有狀況，請考慮,-1
趙啟時,,不管怎麼樣作業就是要準時交出去，可以OB有時候只是說說,0
朱嘯秋,,身體欠安，偶爾會翹課多體諒，只看期末考，難度看心情，部會寫程式就去被當，改修別人的吧。,0
朱嘯秋,,物聯網好過，機率每年做法都不一樣，有念就好過，8051有點硬,3.6
朱嘯秋,微處理機,上課很大聲，考試考很難，要考慮,0
林立謙,,神+佛！教得好，人好講義好，有時候會點名，只嘆學生不努力。,8
林立謙,,有念書好過，會考考古題,1
林立謙,機率論,守護通訊系的守護神之一，機率論教的很好淺顯易懂，考試不會偏難，分數也不會給的很小氣,-1.6
楊豐瑞,,計算機概論考阿哩阿紮的一堆，要被英文名詞，期末成績>整學期。,2
楊豐瑞,,網概教得很好，書都是自己寫的有買的價值，有地雷，不求分不玩手機某幾分作業一定要交，期末考難度>期中考，不過,4.8
楊豐瑞,,調整分數是依據期末考，只考重點。,2
楊豐瑞,,邏輯設計教得很好，書都是自己寫的有買的價值，幾乎考整本，不買書等著被當吧！,4.8
楊豐瑞,,註：學長要認真點，要不然一訂死，近來已經不給學長加分了。,2
楊豐瑞,網路概論/計概/邏輯,教得不錯，上課要專心不能做其他事，有認真讀應該不算難過,3
廖和恩,,極大刀、非常難過、不會加分,0
袁世一,,筆記占分超多，努力抄,0
辛紹志,,電子學，考試都考上課教的題目居多，有讀要過不難,1
辛紹志,,期中一定要考高，期末會變難,3
辛紹志,電子學,教學清晰有理，和藹的老師，推薦,4
陳益生,,習題很重要考試會考，上課會點名，小考要把握，全班成績不好可能會調分,8
陳益生,隨機信號分析,上課教的很不錯，推薦,3.2
陳益生,電路,請參考留言#262,0
陳益生,,老師上的滿廣泛的，題目其實不難，認真上課!,9
陳益生,,人好，有補考機會,0
賴辰彥,通訊系統,有在上課但不太清楚在幹嘛,1.6
尤正祺,高頻及微波概論,人很好教的不錯,3.2
林漢年,電磁學,電磁學大老，教的很好，絲路非常清晰,3.6
羅道正,,非常好過,1.8
羅道正,,不抄筆記沒過就是你活該,1.5
林國貴,,很好過,1.6
林國貴,,退休,0
徐泓洋,,會抽點、要交作業、好過,2
徐泓洋,,躺著過、坐著過還是徐老好過,1
黃秀芬,,好過,1
黃秀芬,線代,分數不錯，但其他普,1
陳寅龍,,作業認真做、資訊考試一定要念書、EXCEL考很難所以其他成績一定要高,6.4
陳寅龍,資訊網路,考很難的計概，考試幾乎都填空，選擇很少，上excel2003，上課一定要抄筆記，期末可補考，,4.8
陳寅龍,,但考更難，愛當人,-1.4
陳寅龍,,選到就只能認真念了，不然退選吧！放空必死無疑,2
林國貴,,好過！今年準備推修了!,1
劉振緒,,離散數學/資料結構/網路程式，砍人不手軟，但基本上教得很不錯。,3.2
劉振緒,,已離職,0
黃志銘,,計算機概論，教得很清晰，但很慢，作業很多，考試會融合上課和作業的題目。,4.8
黃志銘,,想躺著過的不推薦！,2
薛念林,,物件導向程式設計/軟體評估與測試，教得很多很好但很快，感覺上是把三四門課當一門課在上，,6.4
薛念林,,可以學到非常多。有作業，有期中考期末考，還有期末專題,0
戴嬋玲,,又稱戴媽，好過，但分數不高，教的普普。,1
戴嬋玲,,學不到東西，要自己讀,1
游景盛,,躺著過，上課好睡，小考考不好沒關係，期中期末考很重要，都從小考出題，上課會檢討小考題目,4.8
游景盛,,大佛，上課無聊,-1
陳青文,,教得好，好過，考試前都會有大猜題。,4.8
張貴忠,,很認真，教的也不錯，很關心學生。考試/作業/成績都公事公辦，不調整分數，需要認真上課否則不好過。,6.4
張貴忠,,上課認真教的不錯，有趣!,3
顧偉倫,,又稱顧大刀、顧先知，作業很多,2
顧偉倫,,另外當掉2/3,0
顧偉倫,,UNIX上課指令節奏超混亂，期中考內容大概等於辛學一種語言的基本指令，期末考大概是用這些指令+shell寫一個,3
顧偉倫,,小程式，兩次作業內容勘比小專題，很累，非資工的少去修，連停課公告都只放在資工的ilearn上，基本上老師不管,3
顧偉倫,,修課學生是甚麼系的，過的標準都一樣。但學很多有用的，前提是你有C語言基礎，起碼要能用指標或寫簡單的sort和演算。,9
顧偉倫,,分數計算似乎很硬。,-1
顧偉倫,,顧先知，不會linked list千萬別修Unix,1
林明言,,教的詳細，關心學生，主動提供考古題兩年分，考試若熟讀考古題可以拿到70以上，若要衝90以上，,3
林明言,,務必讀四年分的考古題。有期末專題，不算太難但需要花時間。,2
林明言,,教的普通，觀念一帶就過,0
林明言,,教的好也詳細，請自行體會,4.8
陳烈武,,新老師，考試考作業。但是教得不好，作業很多，可以的話請斟酌選課。,1
栗永徽,,考試80%從小考的題目改數字，20%從作業出。老師習慣美式教學,0
栗永徽,,有準備拿高分不難，但要學到東西要自己念。,4
栗永徽,,已離職,0
李榮三,,資安學程，老師教得很好，要拿高分，一定要在上課多回答問題。,6
林財寶,計概,教的不錯，可以學到很實際的東西，有指定小考跟公開小考，考課本裡的選擇和筆記,6.4
林財寶,資訊網路,不太點，期中期末各考兩次，背得很多，上課念PPT,1
林財寶,資訊網路,考試幾乎都是背的東西，上課念PPT,2
林財寶,計概,考試難度普,0
洪維志,,點名不計、線上測驗重要，教學中文為主,1
洪維志,,上課認真但可能會聽不懂,3
黃溪春,,上很快，以為全班程度都很高,3.2
黃溪春,,有點枯燥，但教的還不錯，分數分明,1.2
黃秋煌,,跟得上你會變神，每個禮拜都有功課,0
陳德生,,益文的好朋友，人好教的也不錯，不要太混算好過,4.8
王益文,,德生的好朋友，嘴巴是大刀但人還不錯，想學學的到，想過也會過，但絕對不是躺著過,9
陳錫民,物件導向設計,教概念，不難，可以學到東西，不要想躺著過,2
陳星百,資安管理,教的較無系統，重點名,4.2
林志敏,作業系統,考古、重出席，可以學到很多,1
張寧群,,很好過、不點名、但聽不懂,1.6
張寧群,,聽不懂，當分數最後的1x位同學,1
張寧群,,已退休,0
陳鍚桓,,好過、教得很多,1
林宸生,,好過,1
張興正,,必點名，當1/3以上，教的簡單考得也簡單,3
洪三山,,必點名，當1/3左右，四次考試兩次及格就過，考試全部都考考古題,2
洪三山,,教得很好， 可以學到東西，認真就會過,3.2
黃建立,,必修，當1/3以上，教的簡單，考得簡單，但改得很嚴格，不調分，選修輕鬆過,6
黃建立,,非常嚴肅，上課要非常專心，上課教的都會的話不難過，選修好過，但嚴肅,9
黃建立,,老師本人留言：,0
黃建立,,"我是自控系教師黃建立，感謝對我的評論相當貼切，""教的簡單，考得簡單，但改得很嚴格，",11.2
黃建立,,"不調分""，但是所謂 ""教的簡單""，很容易讓人誤以為本人不學無術，只懂得簡單的工數，",1.6
黃建立,,在此做進一步解釋。,0
黃建立,,"自控系用到的工數和其他系有所差異，自控系用最多的是線性微分方程式和Laplace transform,",1.5
黃建立,,"很少遇到非線性的問題, 所以上課時, 我會將時間集中在這些課題, 而且希望同學可以精通,",2
黃建立,,"打好基礎, 因為在大三線性控制系統還會用到。",3.2
黃建立,,我參加過高考，僥倖得到第一名，也參加過研究所考試，考取台大、交大和成大第一名，,6
黃建立,,以及清大第二名，在台大讀研究所時的一年級暑假，考取公費留學，其實很多人的實力很堅強，,4.8
黃建立,,"但是欠缺研究考試的方法，我的心得是學數學在精不在多, 如果同學將來參加各種考試,",3
黃建立,,"就會發現都是考基本觀念, 有次我看到同學的補習班""線性代數""講義, 收集一大堆高深的定理,",4
黃建立,,"其實都不會在考試中出現, 補習班誤導同學花時間去背，不僅考試沒有加分，還浪費寶貴的時間，",4.8
黃建立,,誤人子弟莫此為甚！,0
黃建立,,"所以 ""教的簡單""是要讓同學上課能聽懂，即使是有難度的數學，也覺得簡單易懂，",6
黃建立,,如果同學對課程的深度不能滿意盡興，歡迎隨時反應，您的意見對我相當寶貴,8.4
林南州,,必點名，當1/3以上，點名看很正，考試有點難,1.2
林南州,,幾乎每節課點名，代簽平常成績算零分，上課非常認真清楚,3.6
鄒慶福,,重點名，作業都有交，期中期末取一及格，輕鬆過,7.5
陳孝武,,期中期末考，會跟小考一模一樣，看一看輕鬆高分過,4.5
陳孝武,,數位控制講解詳細，成績依考試為主，只要有上課考試就會寫，期中期末和小烤相似,4
邱創乾,,會點名，但不看重，考試全部考古題，輕鬆高分過,6
蘇文彬,,會點名，不調分，上課教很難，考試看考古題，當很大,1.6
蘇文彬,,聽不懂，難過,-1
蘇文彬,,聽不懂，請熟念考古,0
張寧群,,教的不怎麼樣，考前一節抓重點，作業有交，過的機率大,3.2
張寧群,,上他的課需要很高的理解能力，考試會考很細,4.8
吳穎強,,不當人,-1
賴啟智,,不當人,-1
賴啟智,,以簡單、淺顯易懂的方式講解力學，上課一定要有課本,3
許煜亮,,人稱大佛，上課一定會講到大家懂，考試簡單,3
陳昶孝,,上課非常詳細，人很好，會關心學生學習狀況,6.4
林昱成,電路學,教的不錯，老師人好，會調分,2
林昱成,電路學,教的非常仔細，必須跟上腳步!非常認真的老師,3.6
林育德,數位信號處理應用,不難，助教不錯,2
林菲,,非常好過,1.8
吳美芳,經濟學,必選！好過！,1
高英蘭,工程統計,還可以,0
林暘桂,作業研究,教的不錯，不能划手機要抄筆記,2
李維平,,高中程度考題,0
李維平,,補充 纖複系三大門神 2012/12/25 補充,2
李維平 ,,"上面有提到,但喜歡隨堂考",1
陳錦茂 ,,"本系主神,有期中期末考",0
黃金鳳 ,,"回去有讀考試不算太難,作業要交",0
黃建霖,,新生代佛祖，每堂一定會點名一定要到，平時成績50%，期中期末背小考答案就有60分。,5
陳文正,,沒有上過他的課，聽說會提供60分的題目讓你練習，有練習考試就60分起跳。,1
林清安,,纖維化學超大刀，120當70。不過界化和機能性纖維聽說很鬆很好過。,4.8
蔡宜壽,,修他的課很累，要用生命去拚分數。,3.2
白方正,,英文差的同學請避免，考卷全英、筆記全英,-1
許健興,,有一點好過、幾乎不點名、不用上課也可以、因為根本聽不懂,2.4
吳石乙,,好老師、好過、不要太混即可,1.6
曾怡享,,有準時到課、上課回答問題都有加分，期中期末有念有高分,2
張棋榕,,棋榕BOY偉大的學分守護者，上課必點因為固定座位,1
張棋榕,,人好上課普，考試簡單好過,2
林永森,,猜不透loop，會管秩序包括教室外面，教室外吵鬧也算你們吵,2
施志欣,,教得好，但是學的永遠不好，好的科目值得一修再修反正是必修,3.2
朱正永,化動,老師人不錯，但考試多，幾乎都有點名,2.4
蘇啟榮,選,點名會通知，只要有交報告來考試都會過,1
黃義欽,,還OK，好過,1.2
牟隽月,介面活性劑應用,內容扎實，要認真聽課，考試不難，分數高,4
黃柏文,,系主任，人很好，上課不要在他面前睡覺，不要講話，教工圖學,1.6
卓晉良,國防政策,點名，課堂有影片欣賞，上課算輕鬆，期中期末OB考試,2
黃吉益,全民國防,重準時，勿划手機，點名，考試為申論題，期中期末OB考試,2
袁翌祥,,好過，上課風趣，上課時會有許多小短片穿插上課內容，考試會考，以前修孫子兵法是打一些遊戲評分,7.2
譚麗華,,人很好，學校事情有問題可以找他,1.6
洪靜茹,,每堂必點，上課輕鬆,1
洪靜茹,,好過,1
王朝永,,基本分82分起跳，用座位表點名，沒到就會持續扣分。,3
林倖如,消費者保護法,分數好，上課內容實用,3.2
