comment,course,teacher
這門課滿像演講，不用考試，老師常常跟我們分享他去阿拉伯工作的見聞，偶爾也會邀請一些在國外工作的人分享他們的趣事,阿拉伯世界-生活與經貿,詹授合
不難，可以不去上課，最後一節繳交作業兼點名即可。,通識-毒化物,
人真的很好,實用營養學,何麗齡
不用什麼基礎，人來就好，老師人很好，都是第二節上課才傳點名單 ，偶爾會直接點名,國際關係,林賢治
給分都很高,行政學,黎淑慧
就聽老師講一些儒道思想，他也會問同學們哪裡有問題還有感想，所以要認真聽喔,儒道思想學情緒管理,王祖淼
壓力不大,智慧城市與行動應用,陳奕靜
有點類似高中的公民,經濟與生活,陳俊卿
只要認真聽就會了，考前老師的複習一定要聽，回去看一看就90幾了,營養與健康,何麗齡
廢課一節，唯一有趣的是每節老師上課穿的衣服都很特別。,世界音樂文化,盧韋聿
老師會點人回答看了電影有甚麼啟發?然後延伸到做人處世的道理和自己的生涯應該如何規劃,生涯規劃,楊裕仁
上課第一節課看電影，第二節課討論電影心得,生涯規劃,楊裕仁
"老師會跟你說自己以前出國留學的事,還會安排實驗課程,上過之後都覺得非常有趣,總成績大家也都給很高,推",食品衛生與安全,賴奇厚
爽過～出席率不要太低 ，老師人很好,智慧城市與實物分析,葉美玲
老師上課超好玩的啦 但是是全英文上課,臺灣政治經濟發展,李允中
拍攝技巧,紀錄片製作,紀文章
考前畫重點+open book,民法實用,劉南英
老師都會跟著時事一起講，每次上課內容都很豐富，也很實用，就算是沒有化妝品基礎或是化學底子的人來上課，老師都可以講的很清楚，讓你可以很容易理解我們在上什麼,化妝品科學與生活時尚,吳珮瑄
老師是歷史老師 也會跟我們說說世界觀,多元文化,邵祖威
老師人很好，也很認真準備PPT上課內容，常會分享生活瑣事，會點名請同學回答問題會加分，到後來他會常點一些比較認識的同學。課程是比較麻煩一點，但可以從老師身上學到東西，每次上課上完都會有同學留下來跟老師聊天。,心理學整合與發展,潘才學
老師人很好！,生涯規劃,楊裕仁
老師的板書很漂亮，PPT內容也很豐富,生命科學,葉怡巖
老師很有趣,生命的藝術,黃圻文
老式上課很無聊，幾乎沒人在聽，台下睡一遍，可是作業有教，考試前讀一下，基本上會過。點名幾乎隨機抽點，很少點全班。,應用文,楊美美
基本上組員很重要,文學、電影、DIY,王祥齡
上課內容頗多元，有看韓國連續劇、電影，聽韓國流行歌，介紹韓國體育飲食政治等等，但是有時候都聽老師在說話有點無聊。,現代韓國社會和文化,金尚浩
不難,國際關係,林賢治
上課幾乎老師都很認真在講解中國文物的東西，書、畫、紙鎮，有很多奇怪的東西，老師也會帶自己的收藏讓大家欣賞,中國文物欣賞,戴瑞坤
上課很無聊 認真聽學到蠻多 考試都考筆記啊,詩詞欣賞,彭妙卿
上課很輕鬆看看影片而已,生命的藝術,黃圻文
基本上絕對輕鬆拿高分過,衛星科技應用,劉文甦
手機不要拿起來滑就好,創新綠色科技,朱文祺
上課就是講醫學相關的知識 然後會穿插老師出去國外旅遊的照片和小故事,醫學與人生,劉杜鎮
基本上想認真聽課有點難（聽不懂他在說什麼 講話不太清楚）沒關係多半時間放影片,人生哲學,經觀榮
不能吃早餐,行政學,黎淑慧
老師的規矩就是上課不要聊天，抓到會扣分。,倫理道德與生命哲學,黃登煌
會印很多講義，可是不太需要，老師上課常說自己的事，考試的東西記得抄，考試要到，很好過。,應用文,吳秀英
就是講性別相關的事情，老師人蠻和藹可親的。,性別教育與服務-學習,潘才學
給分的有點嚴格 要拿高分很難 但上課可以耍廢 很涼,文學與生活,楊美美
老師人蠻好的只是很愛點名，上課做其他事不會管,西洋文學與文化,蔡曉伶
我覺得還是稍微有音樂基礎或是對古典樂有很大熱忱的，比較適合選這門通識,音樂與人生,黃智瑛
要勤勞抄筆記,古典文學,梁煌儀
老師脾氣急躁,行政學,黎淑慧
對非相關科系的學生難易度大概是中等，老師都幾乎照課本念，大概期中考前兩節課加起來只上一節課，放假都算準準的，點名是形式上的點名而已,投資與理財,滿肇怡
建議不要選,人生哲學,李元璋
看似很輕鬆但上課真的很無聊老師很喜歡碎碎唸，基本上考前兩個禮拜去聽考試重點就好而且要交作業， 但不推薦給想賺學分的人因為老師有點難搞。,應用文,陳秀文
老師常常批評社會批評學生 上課真的專心聽會越聽越火大,新聞與媒體,羅珮瑩
老師會利用影片 再讓我們提出自己的心得想法 不古板的上課方式,教育理論與實踐,楊裕仁
交朋友玩團康的課，來放鬆減壓力的,美好時光社群劇場,李舒亭
當你認真上課聽老師講話時，你會對從古至今的倫理道德一個認知，並相互串連起來，你會被老師給震撼到，或許會改變你一生的想法也說不定,倫理思維與社會正義,吳元豐
老師超級好!!!!!!!選就對了,教育理論與實踐,楊裕仁
像是生活的化學之類的 不錯有趣,材料與生活應用,
上課都在滑手機，老師很善良，認真聽可以學到知識和老師會分享在醫院的故事,營養與健康,何麗齡
滿好玩的可以學到很多東西,觀光美儀與國際禮儀,彭瑞芝
老師上課都會舉例子,智慧財產權,葉怡嚴
不難但報告盡量要到,智慧綠臺灣,陳上元
上課都在講有關自己的事 覺得自己很厲害 浪費時間的課,行政學,黎淑慧
老師很奇怪,人生哲學,李元璋
老師會放新聞報導然後解說世界情勢。,國際關係,張子揚
上課就是講孩子的教育，老師會播電影，然後大家一起討論。有時候會點人，會不會點到就看運氣囉～,教育的理論與實踐,楊裕仁
英文基本就夠用,居住與城市研究,張峰碩
1.老師人很好、上課不無聊,心理學整合與發展,潘才學
報告評分，沒有一個標準，期中報告全班只有不到10個及格,倫理價值與生命哲學,黃登煌
大推!!!,氣候變遷對臺灣之衝擊,黃志偉
教授各種化學相關東西，上課會看影片跟一些資料,奈米科技與生活,袁維勵
上課用的講義要自費，老師會選同學幫大家印。老師上課會加入時事議題配合課程內容，認真上課能學習到很多知識,國際關係,林賢治
老師人很好 想槓麻就槓麻,資訊化社會,馬彥彬
"老師上課蠻有趣的,會分享一些故事",社會學與生活體驗,蔡振志
老師人好,現代散文,張瑞芬
好過（90分哦）,文學、電影、DIY,王祥齡
老師上課是用PPT，會舉例子說明各個法律的規定，上課一定要帶小六法，因為他會畫重點，解釋名詞是考他上課講過的重點，考試OPEN BOOK,智慧財產之保護與實務,蔡宜宏
有時會比較難理解但仔細聽過應該就可以明白了,心理學整合與發展,潘才學
"nctu,但我覺得如果你是一個守交通規則的人,基本上是用不到這一門課的知識",肇事科學鑑定實務,張漢威
生活的營養分配,實用營養學,何麗齡
教你如何創新和技巧,初階智慧型創新,宋明弘
不需基礎，全理科也沒問題,智慧財產權,
老師會有自己製作的講義，老師上課很認真都會把該上的地方上好上玩，如果趕課的話，有問題的話老師會用其他時間來回答學生的問題，如果心情不好還可以找老師聊天談談心，完全就是位天使,統計學(一),王婉倫
老師會用自己的講義上課，會一題題解答，哪一題跟哪一題類似也會馬上跟大家，要大家融會貫通，如果有數學基礎的人，不想上課看老師的講義就可以自學；老師嘴巴比較賤一點，但幾乎都是開玩笑,微積分(一),林彩玉
老師有兩個雙胞胎小孫子，上課很喜歡講他們的故事～如果這門通識沒搶到，也可以去修運管系上的選修，也是張漢威老師開的課，內容更多（因為一週三堂課）兩門我都有修過，真的超推！！,肇事科學鑑定實務,張漢威
點名很重要,貨幣銀行學,陳至還
老師人很nice,計算機概論,高夢定
我上課偶爾會睡覺～考試什麼的也是亂掰就會過了，真的是大佛,國文（一）,楊美美
不需要有基礎，老師上課淺顯易懂,貨幣銀行學,許義忠
老師教的超好，但是上課不能滑手機，要抄筆記,作業研究,林暘桂
老師人很好，上課很有趣不會睡著,行銷管理,李元恕
就是上課就過了,都市計畫,顏秀吉
照著課本上  講課用心 很好吸收,會計學（一）,許慧雯
專心上課，弄懂主要單元的題型，就差不多了,初級會計學,吳東憲
上課輕鬆有趣。表定六點其實都六點半才上課。晚餐慢慢吃看其他人急著去上課爽爽der,國際金融學,劉宗欣
老師上課很用心 沒在用課本 上課抄筆記就ok,微積分 商,陳宏賓
老師很認真，人也不錯，可以學到不少東西,羽球,黃正一
老師人很好！也很好聊！很可愛的一個老師！,英文閱讀,王雅慧
老師人很好，每次上課前都要先預讀一則故事，故事不會太長也都很有趣，上課時老師則是會和大家討論故事中的含義,兒童文學,林明洵
講的很詳細會把過程推導 但很容易睡著就是了,微積分,林震燦
不多說 柏興就是棒,海運經營與管理,曾柏興
"這堂課像是管理心理學,其實都是很簡單的常識,不用基礎,只要考前照講義背一背一定好過,講義是老師自己編的",行為科學,劉樹澤
上老師的課可以學到滿多東西的，也不會太無聊，聽不懂的話，老師都會換個方法再解釋一變。,大一國文,徐培晃
不怕你不會！只怕你不要啊！,大一上微積分,林宗志
這堂課主要在學怎麼有linux打出自己一套的小程式，能學到的東西還蠻多的，老師也很用心備課跟教學,編譯器,陳青文
不用基礎 老師會教,籃球 張景星,張景星
上課難度100%艱深,高等會計學,鄭佩玉
非常簡單     點名=簽到,室內裝潢設計,黃喚堂
老師會問妳問題,微積分,林彩玉
我認為先上過基礎、進階還有日語語法再來選修比較好，老師上課會分析句子，所以需要懂一點文法,漫畫日語,張雪玉
可惜聽不太懂他在講什麼,線性代數,林立謙
基礎消費者所遇到糾紛及消保法含義，會舉案例讓同學深入瞭解。,消費者保護法,林倖如
老師棒棒，自己思考在這門課很重要，會以ㄧ個產品或服務貫串整學期課程,作業管理,吳如娟
介紹發生車禍時善用法律知識讓自己不吃虧，實際車禍也可以打電話給老師求助,交通肇事科學,張漢威
老師人很好,應用數理統計（一）,張育瑋
每次一開始是播英文影片 ex:誰是接班人,商用英文會話,林慧洙
很不像想像中的太極老師很有趣認真想學太極就要私底下再問老師,太極（體育）,盧裕山
老師是大陸一間很有規模的企業的CEO，人在一線的他會直接跟我們分享要怎麼賺錢、怎麼彈生意、怎麼面對客戶還有尋找新通路，以跳脫性的思維在教學，很適合未來打算從商的你來修課！！,策略管理,伍昱睿
上課方式有趣，淺而易懂，互動多，不無聊而且可以真的吸收到東西,國文,陳立安
老師人超好也很會教,民法概要,廖重宏
雖然老師有時候感覺好像是想講冷笑話，但是都不太好笑，可是人真的很好,個體經濟學,李文傳
上課內容及教材多元、老師人很好且分數都給挺高、回答問題都會加分,國文,洪英雪
老師叫你們預習就真的要看一下,大學國文(一),劉士民
老師人很好，超有耐心，上課又有趣，會有獎徵答加平時分,日文一,林盈萱
"老師是講實務不是無聊的理論, 非常充實完全不會想睡, 大推～",銀行實務,徐慧敏
老師的講解深入淺出  非常清楚,財務報表分析,簡正儀
很好過！老師也很用心！,大學國文,施筱雲
這堂課主要介紹股票，選擇權以及市場過去歷史，老師是學校財務長，且是學校退撫基金操盤手。,證券投資學,羅仙法
上課基礎至少要有普通化學的基本知識，然後至少要有豐富想像力，會想像圖形結構,有機化學,陳奎佑
個資保護,個人資料保護法,劉南英
要有些基礎,微積分,侯柏宇
老師人很好 上課也都會放勵志影片,全民國防教育,王丕維
老師上課十分有趣，對這方面的知識非常充足，常常補充一些有趣的事情，DIY也不會因美醜打分數,傳統藝術文化與技藝入門,鐘文伶
老師人很好 不太會管妳 上課非常認真,普通物理。電磁光,洪耀正
很棒,微積分,張桂芳
統計學（ㄧ）,抽樣調查,吳榮彬
老師人很好，所以沒什麼壓力,景觀植物,張莉欣
會計學一是給新手的會計學，所以不太難，當然老師會很有耐心的解釋問題，並且在考前做重點整理和複習,會計學（一）,邱安安
教課很有耐心,大學國文（一）,楊美美
老師人很有趣，會講很多實例,行銷管理,李元恕
輕鬆高分過,大陸與東協市場開發與通路管理,伍昱睿
盡量多跟老師互動，老師也很有耐心都會回答的很詳細,工具機專論,賴泳龍
不會很難 而且很好玩,智慧型運輸系統,李克聰
老師人很好上課一步一步帶很有耐心,計算機概論,許煜亮
老師人很好,微積分,陳孝武
很涼,大陸金融問題研究,張倉耀
認真上課會學得很充實,作業管理,吳如娟
老師很棒頭很亮上課會令人專心,初等數論,楊基源
老師人超好上課很輕鬆活潑,瑜珈,吳蕙米
老師個性超好,統計學,朱南玉
"這門課就是學經濟學的理論，課本是：Mankiw , Principle of Economics；老師上課很有趣，會提實際例子，而且他還懂生命靈數，最後一堂課有時間他還幫大家算一下，很棒的一位老師。",經濟學(一),李文傳
同上~ 數學不好的不用太擔心，因為其實根本無關，有背就有分!,會計學,邱安安
老師會上課本內容 接下來會分組報告,人力資源管理,張美燕
老師經歷豐富，懂很多，上課常播影片，雖然早八，但是好過,文物管理,戴瑞坤
老師講的淺顯易懂，人又很好！,會計學,盧鈺欣
非本系專業的學生來修也不會有負擔。,餐旅行銷管理,王郁彬
教各種基本電子電路的實作，看波形等，助教人都很好，可以問很多問題,電子學實習(一),何子儀
上各種車禍肇事鑑定，還有認識路啊~等等，對了，還要老師雙胞胎孫子哦XD,肇事科學鑑定與實務,張漢威
老師上課很清楚，不管是本系或外系都可以修，內容都是由簡入深，不會說很難。,複變函數,蘇恆毅
零基礎都ok~,英文閱讀,王雅慧
主要是叫大家保費計算，老師講課速度蠻快，基本上回家要再複習，我是外系選修選擇風保必修，覺得不需有基礎，老師都會上課抽人團體回答問題，老師可以借此知道學生學習狀況,壽險數學,黃雅文
基本上都是課本內容的講解，要先修過邏輯設計才會比較懂整個課程。,數位系統設計,陳德生
本堂課是專門開給理工科背景的同學修的，因為科管系是商學院的但是經常有許多理工同學去報考，所以專門開了一堂商學的基礎概念課程給理工背景的同學，如果你是理工背景也想學些商科的課程卻不知從何下手，非常推薦這堂課唷！然後然後～只能說黃老是大佛阿！真的從來沒修過這麼佛的課～,商業知能,黃林禮
老師上課會提示考題，基本上總分130的話考120不是什麼大問題，超過100的部分加到平常成績去,貨幣銀行學,張倉耀
只要對文字本身有興趣都蠻推薦的，不需要任何基礎，會寫字就行,文字學,李綉玲
這堂課不管你之前有沒有基礎都可以來，老師會從基本開始教，循序漸進引導，而且很有耐心，老師他還曾經打過類似海碩盃的比賽，是個國手哦,體育-網球,劉佳哲
1.很值得挑戰,攀岩,張宜正
要點名的前一個禮拜老師會說,創業入門,徐光明
上課要認真聽講!,國際貿易與匯兌,許義忠
不用基礎,高等微積分,王磊
老師上課講得很清楚，自己做的講義滿棒的，可惜老師的字有點醜有時候會看不懂 每堂必點名,工程數學,李賜福
老師講的很詳細,通訊系統,廖和恩
只要不是成績太爛…老師都很給你過,會計學,陳光政
記得去東裕買萬年筆記 筆記上寫必考一定會出,財務管理,楊明晶
老師教得很好很仔細,微積分,陳裕益
"老師上課很認真,會分享自己的事情,特別會一直提到陸生(!?)不過課程內容蠻難的,要認真讀書才可以過",國際貿易與匯兌,許義忠
完全不需要基礎,英文(一)初級,許展嘉
"課程比較偏管理方面,跟架船造船的沒關係,所以主要還是在教關於船商事業的部分,老師人很好很溫和,可以跟他ㄠ考試出簡單一點",海運規劃與管理,曾柏興
上課認真聽的話對有興趣的人有幫助，沒興趣的人有筆記也可以考高分，上課氣氛很隨意，不要吵到老師就好,燃料電池,呂晃志
上課算很細心，很關心學生的學習狀況，能學到的東西不少，期末會有一個專題，但不會太複雜，只要肯學習，期末總成績一定都不會太差,資料庫系統,林明言
老師人非常好，會講很多有關業界的事情跟他的人生歷練，跟你建立很多價值觀以及投資理財的概念，很會跟學生聊天且不限上下課,產學合作倫理,李長署
不用基礎 外系選修也很歡迎喔,銷售推廣學,湛明暉
了解一些關於股市.債卷...的風險 利弊。老師知識深厚 可以好好詢問 他會為你解答所有疑惑,財務管理,楊明晶
課本可買可不買（但是功課題目在課本裡 不買的要去借書找題目）、只看老師ppt也行,貨幣銀行學,洪介偉
上課內容聽聽就好，很輕鬆,銷售推廣學,湛明暉
老師很有耐心 無論有任何問題她都會認真回答 也會顧慮到每個人的程度,英文寫作（一）,施惠家
老師好笑有趣,工英中級班-余詩芸,余詩芸
上課一定要專心，不然會聽不懂，雖然有時候很兇，但是教的很好，很認真,經濟學一,彭德昭
不用基礎，老師自己還翹過課,環境科學概論,呂晃志
上作業系統基本概論，五大排程演算法，及各種不同演算法,作業系統（一）,黃志銘
老師想教會你,工程統計,高秀蘭
難易度：易,測量學,陳清標
講得很細、認真可以學到很多、但是講課速度也很慢，最後一堂會趕課,作業系統(一),林志敏
老師用ptt上課，會講解公式證明和例題，再讓同學做練習,微積分,吳純純
老師會怕我們跟不上，所以會教的比較慢,基礎日語,陳俊廷
上這門課完全不需要知道任何基礎，老師都會一個個公式一題題題目認真教，學生就上課認真筆記要寫就對了,壽險數學,黃雅文
老師講話超快也很有趣,英文閱讀,王雅慧
上課不用坐椅子 坐地板可以躺著上xd,商業心理學,鄒繼楚
學店生都能過,貨幣銀行學,陳至還
可以學更多有關兩性的溝通,戀愛心理學,
基本都是課本 偶爾穿插教學影片,余雅涵,羅美文
老師個性不錯 不要遲到太誇張 會記住你。可以翹課,大學國文,馬偉成
對文學有興趣，樂於跟老師交流的話都可以選~~,文學與生活,余美玲
無,貨幣銀行學(ㄧ),陳至還
老師人很好 有發問 題型都是考古 一些是上課教過的,運輸經濟,溫傑華
教的普普 但好過,工程數學,林育德
老師喜歡互動，上課規則不能違規，不然老師會生氣，女生可缺5次，男生4次課。,社會福利與保險,龐寶宏
老師人滿好的，不過上課無聊不過基本上不重視點名、考試又都會事先給考題真的超佛ㄚ！,漢字文化學,宋建華
老師人很好，但要有喜歡的人修才不會那麼痛苦，因為報告很重要,美學與產品創意,簡士超
期中前高中的程度期中後一定要好好聽老師說噢!實習筆記要抄好抄滿!!,經濟學,吳紀瑩
老師上課基本上用投影片上課,電路學二,辛正和
這堂課坐前面且上課認真的話，老師容易記住你名字，被他記住有好沒壞，平時成績會較高，老師人也很好，不太管你上課在幹嘛，是門輕鬆好過的課。,高分子工程,吳俊翰
老師上課嚴厲，但是是好老師，認真上課會學到很多,民法概要,林鴻圖
老師人很好，講得很清楚，每節課都會簽到點名，但他會挑最多人簽到的點名單上繳學校,塗料化學,黃義欽
老師喜歡隨堂考也就是提早考試,矩陣論,陳長城
老師講的很詳細，聽不懂就算了XDD,民法概要,王邁揚
期中期末考題從小考出,普通化學,陳文正
高中有接觸一點微積分的基礎做延伸，老師人很好，會關心學生學習的狀態。,微積分,方瓊菀
老師講解很快，推上課認真聽,工程數學(一),林宗志
不用基礎,人際關係,劉平文
唱you raise me up，請很多教授介紹電機系在幹嘛，各種廢話,資電概論與倫理,陳志強
老師人很好，但上課要學到東西的話不建議選，因為真的很混，就算你坐在第一排算微積分他也不會管你，上課也是法條叫人唸一唸就莫名下課了，簡單來說，學分好賺分數高，但上課沒有收穫。,民法概要,黃承啟
老師人很好，像媽媽，但學不到什麼，自學比較快,會計學,王光華
同上，真的要看緣分，遇到好老師就是天堂。遇到壞老師就是地獄。,建築設計,宋玉真
不會教,經濟學,陳依依
老師會一直上他的,微積分,李英豪
老師人不錯  會關心學生健康,國文,彭妙卿
成為一個好公民,化學,
這老師上課就是輕鬆上  講一講又來跟你聊天一下  講的內容也很少  但是就是很好過  總結就是  如果你缺學分  也沒有想學到太多東西就選他的課吧！,普通物理,林菲
1.外系選修可,服務業行銷,黃聰輝
1.商學院可做外系選修,休閒事業管理,黃智彥
課堂會有參考書，老師會帶我們畫重點，然後告訴我們一些最新的奈米新聞，也會給我們看一些影片,奈米科技概論,蘇啟榮
這個老師教的不好，所以助教上的會計學實習課，一定要到，不然就真的什麼都沒學到，只是浪費時間,會計學,王光華
上課算是輕鬆，但是必須回家練習作業，老師的想法也是希望大家可以自己練習過，考試不會刁鑽都是基本題，期中考後會發期中檢討記錄表，目的是希望學生可以檢視考差的原因，或分享如何考高分的，老師算是一個重視學生學習吸收程度的老師，但是可能講課不是特別清楚。,高頻電路概論,陳志強
老師人還好,工程倫理,
個人不太推,財務管理,朱心蘅
上課不停抄筆記，你想聽也聽不懂，建議買課本自己唸,工程數學,林永森
難的要死。又沒耐心,高等會計學,鄭佩玉
最好先把整本C看過三遍,計算機概論,黃志銘
上課主要在講解二極體的理論 應用等,電子學,蕭敏學
給兩顆星是因為老師很煩 考試時間都要另外找 拿中午時間考小考 毛很多 不過其實很好過 demo都有做 期末考考古題背熟就高分過關,作業系統,林志敏
老師不太會教學，期中考前還可以靠自己讀懂，期末難度就無法自己讀懂了，不太推薦原因是真的想學的話可能這位老師不太適合，不過要拿學分的話背一背就可以通過考試了。,通訊系統概論,黃定彞
教導有關財務管理方面，例如:利率 年金 報酬率計算之類的,財務管理,劉文榮
老師夠糟糕,創意思考,李允中
打混摸魚,實用英文,林憲鋒
需要英文基礎,微積分,林維鈞
老師很令人無言,線性代數,黃秀芬
課本,初級會計學,黃娟娟
雖然學長姐都說老師大佛,計算機概論,袁維勵
個性捉摸不定 不推,作業管理,吳如娟
上課主軸是以他的課本為主 還搭配小六法中的民法,民法概要,黃承啟
上課跟考試完全兩回事。。。,初級會計學,賴炎卿
呃…努力點吧。有時候努力也不見得懂 哈,近代物理,蔡雅芝
個性機車,工程數學,林永森
老師就是怪！沒在上課本的東西！導致段考都不會,統計學,吳榮彬
老師超爛  只會講講義還會講錯  超級地雷,會計學,癩鹽清
教授像補教業老師，講話速度快，笑裡藏刀型,統計學,沈明展
睡覺休息看書的好時間,企業概論,蕭國鐘
李老師喜歡跟同學互動，會希望大家都有發言，問的問題都是教科書上的，所以上課前要花多點時間準備，蠻有壓力的，課程難度很高，確定要很有興趣再來修，不然真的蠻硬的 !,華語教學導論,李希奇
老師會罵人,統計學,高秀蘭
上的東西都蠻基礎的，聽不懂自己看考試也絕對沒問題，除非你只在考前才念書,線性代數,黃秀芬
完全沒有技術,資訊概論與倫理,梁寶芝
回家多練習題目 一切都會上的很順,初等會計學,黃娟娟
Dont fucking pick this teacher! No actual benefit unless you just wanted to waste your time.,實用英文,林羨峰
老師教的實在是…不予置評,會計學,王光華
老師教的很沒有系統，學不到任何東西，講話很小聲，非常重點名，考試就算高分，但是點名有缺席紀錄，分數就給很低,資訊安全管理,陳星百
老師人無敵好；第一節課的前20~30分鐘是在講解與球的規則、如何發球、如何殺球、如何接殺球、如果打單打、如何打雙打，很多很多，後面的時間就是暖身各自練習打球，可以雙打也可以單打，還會提前15分鐘下課,體育－羽球進階,趙宸紳
筆記認真抄，考試會考,微積分,陳長城
交期末報告就會過，有同學從沒去過86過,心理學,林瑞發
如果有不懂的題目，可以跟老師請益，老師會教到你懂為止。而且不止機率論的問題，如果有數量方法相關的疑問，或是想了解財務工程在作什麼，可以跟老師聊。,機率論,駱建陵
上的內容是平常接觸不到的，但有認真聽會很簡單～老師人很好，講的也很明瞭。,非破壞檢測,楊瑞彬
不會寫都能過,土木系 工程數學,許澤善
不需基礎，但如果能先預習就很棒了,邏輯設計,陳德生
老師人佛不說，上課超認真，而且有時會教自己的算法，讓人更快懂，很棒的一位老師,電路學(一),陳益生
線性代數,線性代數,袁世一
老師很喜歡找人聊天哈哈，上課雖然沒人聽，但其實他講了很多不錯的時事，如果以後要走那些產業，可以了解了解。,有機光電材料概論,蘇啟榮
上課都在教觀念，基本上是滿佛的，上機考很重要，拿高分很簡單,微處理機系統,王益文
這堂課滿輕鬆的，老師上課進度滿緩慢的，因為他很喜歡聊一些五四三,散文選讀,劉森堯
聽老師廢話,財金概論,吳仰哲
建議有心要修華語學程的再來,華語教材與教法,李希奇
"不是必修課,絕對不會有人選的課",國際貿易理論與政策,彭德昭
老師講話太好睡了,統計學,林純純
推,資料庫系統,許懷中
只有上臺報告+期末A4心得而已,阿拉伯世界-生活與經貿,詹授合
期中期末都是申論題，老師會在考試前一兩堂課透露題目！沒有報告。,中華民國憲法,林賢治
看影片討論、上臺報告,文學電影DIY,王祥齡
作業為每週找一篇與毒化物有關新聞，每週繳交即可。,通識-毒化物,
期中還有多選  期末改全單選,實用營養學,何麗齡
考試是申論題，期中３題考６０分鐘，期末５題考９０分鐘，寫越多分數越高,國際關係,林賢治
沒什麼作業,行政學,黎淑慧
作業就發揮各位一點用心以及假掰的能力就可以hold住了,儒道思想學情緒管理,王祖淼
期中-地圖分析,智慧城市與行動應用,陳奕靜
沒作業,經濟與生活,陳俊卿
考試都選擇，有單選和二選，多選不一定,營養與健康,何麗齡
期中考是聽力題目跟每次上課ppt上的三個問題，一模一樣所以好好準備一定能高分。期末是分組上臺報告15min。沒有作業。,世界音樂文化,盧韋聿
期中考時只考了5題左右，都是申論題，題目會在考前一到兩個星期先說，讓同學回家自己思索,生涯規劃,楊裕仁
三題申論題，考前會提前公佈題目,生涯規劃,楊裕仁
其實沒有考到期中考因為那次剛好被非核家園的活動取代掉了,食品衛生與安全,賴奇厚
上課完成心得作業 ，期末分組報告上課時會完成,智慧城市與實物分析,葉美玲
作業有去校外教學 然後交心得報告 建議用全英文比較好喔,臺灣政治經濟發展,李允中
期末影片報告,紀錄片製作,紀文章
會邀請導演來分享，基本上作業有交出席狀況不差一定有80，但是心得千萬不要複製貼上，老師真的會抓。,電影藝術專題講座,李建成
考試從課本出，沒作業,民法實用,劉南英
全部多選題，小考一題3分，共33題，答錯一個全錯。期中期末50題，一題2分，答錯一個全錯,化妝品科學與生活時尚,吳珮瑄
有一個小作業 但是課堂上回答問題就可以抵銷,多元文化,邵祖威
期中期末都問答題，都考些上課講過的，但憑自己的想法寫也會高分，有2、3次心得作業，一開始會分組，期末要分組拍大概2、3分鐘的影片上台報告。期中前每次點名，第二節去也可補點，接近學期末就幾乎沒再點。,心理學整合與發展,潘才學
有看影片心得都很簡單,生涯規劃,楊裕仁
作業就是寫學習單,生命科學,葉怡巖
上課會看影片寫心得(3~5個)也有閱讀心得，外加寫書法上台分享,生命的藝術,黃圻文
考題是上課的講義會放在ilearn，他會講要她考的題型，選擇大概5題，幾乎都是問答，PPT內容超多根本背不完，突然會有上課作業大概兩次，下課前要教，他會給你範本可以模仿那個寫，其中一次是書信的格式,應用文,楊美美
沒有考試,文學、電影、DIY,王祥齡
期中考期末考都只有1題，自由發揮很簡單，限500字,現代韓國社會和文化,金尚浩
考試皆為申論題,國際關係,林賢治
考前會給一份講義，考題從講義上面出，寫越多越多分,中國文物欣賞,戴瑞坤
考8，10個技巧,詩詞欣賞,彭妙卿
沒有考試,生命的藝術,黃圻文
考試帶自己手寫的筆記，從上課內容出題，一部分填空，一部分簡答,衛星科技應用,劉文甦
考前會勾題目給你回家看,創新綠色科技,朱文祺
期中報告很簡單寫為什麼想選這門課,醫學與人生,劉杜鎮
考試都是手寫（一定考課堂看的影片簡介和心得）、作業也是影片簡介心得、1500字遺書,人生哲學,經觀榮
申論題，有二個報告,行政學,黎淑慧
作業是申論，總共出10題,倫理道德與生命哲學,黃登煌
期中考公文，會提前給答案，期末考自傳，網路上找的到內容，作業是一篇閱讀心得。,應用文,吳秀英
都是報告，幾乎每節都有心得反思要寫，還有小組專題報告。,性別教育與服務-學習,潘才學
考試都神論 考試前都會給 作業兩次回家賞析文章 一次分組報告,文學與生活,楊美美
有期中期末報告，考試給題庫選擇題佔90%,西洋文學與文化,蔡曉伶
期中期末都是考聽曲子還有一些上課教過的音樂知識，期末交一份個人的音樂報告,音樂與人生,黃智瑛
全部問答題,古典文學,梁煌儀
小組報告 申論題,行政學,黎淑慧
考試都是選擇題22題總分110，很多都是課本裡面很細的內容，例如年份啦，表格裡面其中一項啦等等...,投資與理財,滿肇怡
都是個人報告,人生哲學,李元璋
每堂簽到，交一份作業（這學期是讀書心得），期中考講義背一背照抄，期末考open book。,應用文,陳秀文
期中報告是一篇新聞 老師主觀意識非常嚴重 除非寫到跟他的想法一樣 不然不會高分  期末考試有選擇題考時事 簡答題是上課內容 申論題是上課的講義,新聞與媒體,羅珮瑩
會有小組報告 考試為手寫問答題 大概三題,教育理論與實踐,楊裕仁
期末公演,美好時光社群劇場,李舒亭
考前畫重點都考重點的openbook申論題,民法實用,劉南英
考試有選擇題跟申論題，題目老師都會提示，不難找，容易理解，作業就是看電影的心得而已，其實基本上是沒作業,倫理思維與社會正義,吳元豐
問答題，全部都是自己的看法與心得,教育理論與實踐,楊裕仁
看你印的資料了喔 很簡單,材料與生活應用,
MC，填空題，簡答題（寫出五個很多看不到油的食物），長答題（肥胖會引起甚麼疾病），都很簡單,營養與健康,何麗齡
選擇+簡答,智慧財產權,葉怡嚴
報告一直報告,智慧綠臺灣,陳上元
全部申論題,行政學,黎淑慧
上課會發一本莊子叫我們回去要寫心得跟一些自己的想法  而且常常上臺報告,人生哲學,李元璋
名詞解釋*多題,國際關係,張子揚
期中考三題問答，考前會講題目，沒標準答案盡量寫就對了。,教育的理論與實踐,楊裕仁
英文報告 三分鐘,居住與城市研究,張峰碩
1.考試：ilearn有上課PPT，但還是要去上課才比較知道重點在哪裡,心理學整合與發展,潘才學
期中，期末都是繳報告，題目是申論題,倫理價值與生命哲學,黃登煌
期中跟期末報告都是分組做一份,氣候變遷對臺灣之衝擊,黃志偉
作業是每次課堂上的筆記，打在ilearn上，老師都會設一個期限,奈米科技與生活,袁維勵
考試都是申論題，寫的有回答到老師的問題都滿高分的，沒有作業,國際關係,林賢治
期中有規定主題,資訊化社會,馬彥彬
"期中考是申論題,老師會提前給題目,當天考試可以帶自己找的資料去",社會學與生活體驗,蔡振志
幾乎沒作業 有的話就心得而已 有一個小組報告 期末考考上課補充講義跟幾題申論題,現代散文,張瑞芬
報告 影片要繳,文學、電影、DIY,王祥齡
1.沒有作業,智慧財產之保護與實務,蔡宜宏
期中考、期末考 、心得、情境模擬,心理學整合與發展,潘才學
"全部都是申論題,畫圖題,大概四到五題,可以先寄給他考試的某幾題,一定會寫滿考卷正反兩面",肇事科學鑑定實務,張漢威
考試是單選,實用營養學,何麗齡
沒考試,初階智慧型創新,宋明弘
申論題,智慧財產權,
考試會提前給題目都是申論題。作業則是跟他上課有關的題目，上網都查得到,認識天然災害,開課老師
期中期末都是是考計算題和選擇題，幾乎都是課本習題和老師講過的題目,統計學(一),王婉倫
考試基本上都是計算題；會有一本題庫，只要把題庫上的題目做完也懂，不管小考會考期中考期末考幾乎都會80分以上,微積分(一),林彩玉
考試基本上都考車禍鑑定，圖該怎麼畫之類的～如果上課有在聽，考試一定畫得出來！,肇事科學鑑定實務,張漢威
"考試考選擇題為主,加小量計算題",貨幣銀行學,陳至還
都在電腦教室,計算機概論,高夢定
忘記惹,國文（一）,楊美美
無作業，考試為選擇、名詞解釋、半申論題,貨幣銀行學,許義忠
多練習題&筆記題目，大概都會及格,作業研究,林暘桂
沒有作業，考試全選全英,行銷管理,李元恕
申論open book,都市計畫,顏秀吉
考試差不多10題選擇題,會計學（一）,許慧雯
考題在上正課時，大致上都有講到,初級會計學,吳東憲
期中期末都是75分選擇題。其他是名詞跟深論。佔分不高,國際金融學,劉宗欣
沒有作業,微積分 商,陳宏賓
大概就是期末會有筆試，內容是上課教過的東西，難度還好，有一次體測，測試對規則的熟悉度,羽球,黃正一
老師上過的內容！只會出五題沒教過！,英文閱讀,王雅慧
期中是上臺報告(老師會有指定故事)，期末則是做一本兒童繪本,兒童文學,林明洵
沒有 助教會出作業,微積分,林震燦
期中期末考,海運經營與管理,曾柏興
考題都是前面一半 超簡單填空,行為科學,劉樹澤
作業跟考試大一國文都一樣，所以差不了多少，只是上課學習單比較多。,大一國文,徐培晃
期中考會自己出題，題目比其他系的微積分來的難一些，但有讀書就會喔！！,大一上微積分,林宗志
考前有大猜題，以是非題跟問答計算題為主,編譯器,陳青文
上籃,籃球 張景星,張景星
考題就是考古題做熟一點,高等會計學,鄭佩玉
x,室內裝潢設計,黃喚堂
沒什麼作業,微積分,林彩玉
讀兩篇漫畫，老師上課會帶我們看一次，期中期末都是考單字+句子翻譯,漫畫日語,張雪玉
考試題型全給你,線性代數,林立謙
"期中考可帶法典及資料,考試易。",消費者保護法,林倖如
每堂上課有個人或整組的學習單，邊聽課邊完成40分get~,作業管理,吳如娟
考上課教的考試可以看手機跟筆記 老師會教五個車禍範例自己寫四個然後作業是其中期末各一篇心得,交通肇事科學,張漢威
開書考 簡單報告,使用者經驗設計,林國貴
給題庫，但考題偏多,應用數理統計（一）,張育瑋
沒有考試呦～,商用英文會話,林慧洙
考上課有打過的,太極（體育）,盧裕山
不考試,策略管理,伍昱睿
考試就基本選擇和寫作,國文,陳立安
期中期末都是出簡單的回家功課,民法概要,廖重宏
選擇33題,個體經濟學,李文傳
10題選擇，配合題20分(期中),國文,洪英雪
考試都是國語文教學中心出的,大學國文(一),劉士民
"期中是考填充題居多，要背熟每個單字，還有看得懂基礎片語與文法，期末比較簡單，考選擇題，但是要了解比較深入的文法觀念，比如說:過去肯定,否定，結尾就會不一樣。",日文一,林盈萱
40題選擇,銀行實務,徐慧敏
期末考帶回家寫,財務報表分析,簡正儀
分組報告 隨堂考內容基本上都是發表自己的觀點,大學國文,施筱雲
期中考問答題申論題，期末上臺報告,證券投資學,羅仙法
考題，基本上就是上課筆記或是考古題，整體來說根本不會很難上課有認真一定都會寫,有機化學,陳奎佑
無作業，幾乎每堂簽到，一定要有課本，考試前一堂會給題目可以回家查,個人資料保護法,劉南英
會課堂上直接考,微積分,侯柏宇
作業是word 蠻簡單,全民國防教育,王丕維
期末分組報告自選主題，與傳統藝術有關的就行，上課DIY都是做一些彩繪,傳統藝術文化與技藝入門,鐘文伶
考一些基本題 ilearn做一做 公式理解好就沒問題惹(>﹏<),普通物理。電磁光,洪耀正
10多題填空題,微積分,張桂芳
上課比較像是思考型,抽樣調查,吳榮彬
期末考用投影片播放植物圖片，很簡單。,景觀植物,張莉欣
沒有報考 會計學考試期中考都是計算，期末考會有10題的選擇問題,會計學（一）,邱安安
考試：,大學國文（一）,楊美美
全英文的題目(上課講義會有，不算太難，有讀有分數) 期末報告,行銷管理,李元恕
一次上台報告(分組),大陸與東協市場開發與通路管理,伍昱睿
期中報告是寄給老師，期末報告要上台，皆為個人報告,工具機專論,賴泳龍
考試申論題  自己設計運輸相關系統,智慧型運輸系統,李克聰
計算題居多,計算機概論,許煜亮
線上作業為主,微積分,陳孝武
考試自帶資料,大陸金融問題研究,張倉耀
期中考：英文選擇題,作業管理,吳如娟
都是考古題裡面出,初等數論,楊基源
考試只有期末是考上課教的動作，會有些要求，可是不會很難,瑜珈,吳蕙米
考題考前會說的很詳細,統計學,朱南玉
期中考33題選擇題，期末考50題選擇題(全英文),經濟學(一),李文傳
考試有10題選擇,會計學,邱安安
上台報告 但不會很難,人力資源管理,張美燕
考試兩題，主要都是講義的，有看有分，可以找考古幾乎一樣,文物管理,戴瑞坤
考試跟課本題目差不多，會出幾題跟夜輔一模一樣的題目；作業助教出，簡單題型，有上課都會寫,會計學,盧鈺欣
要拍一部影片，不會很難。,餐旅行銷管理,王郁彬
考試,電子學實習(一),何子儀
只要上課有拍考試會考的投影片，考試可拿筆記、手機，甚至剪下課本都可以，很好過，不過老師習慣認人，要到上課喔~,肇事科學鑑定與實務,張漢威
小考都很簡單都是上課講義內容，但是期中期末考的內容就會有變化題或是難題，跟小考難易度落差很大，不要以為小考拿滿分就可以不準備去考期中期末,複變函數,蘇恆毅
其中考試選擇題 期末可能會加個問答 但問答他會先告訴你題目 讓你提前準備 然後還可以帶你準備好的答案去考試 沒準備的話可能當場會寫不出來 選擇題的部分就是他上課帶的題目 然後考一摸一樣 只是你要畫重點 反正超簡單 上課都會教,英文閱讀,王雅慧
期中全部考試有符號解釋跟計算各種年金現值，如果沒讀書會完全寫不出來，期末為選擇題加符號解釋（滿分120），老師為了就大家而出選擇題,壽險數學,黃雅文
小考的話會依照教到的進度決定，基本上都是講課內容的變化題。,數位系統設計,陳德生
作業老師是隨機出題的，期中繳交word檔，期末做成ppt上台報告，也就是ㄧ魚兩吃的概念。,商業知能,黃林禮
學校的報告作業是自己分組，組別是固定一學期，而學校有的學習單是一組一起寫的，不是個人，不過要表明誰寫這題。,大學國文,梁煌儀
期中考期末考小考都是選擇題，期中期末有些從小考出，大部分都課本後面選擇題，報告是寫看新聞的心得，只要1張A4紙別超過,貨幣銀行學,張倉耀
考題為楷書轉小篆、甲金文轉楷書、說文解字540部首楷書轉小篆、本形本義、申論題。作業為說文解字540部首的小篆寫三次以及每個字的許慎解抄寫一遍,文字學,李綉玲
會考類似正手、反手拍、對牆打等類型,體育-網球,劉佳哲
考試內容上課都會教和練習，不太可以缺課，一缺課就跟不上了,攀岩,張宜正
無作業無考題,創業入門,徐光明
有選擇跟畫圖與計算題,國際貿易與匯兌,許義忠
沒有,高等微積分,王磊
聽說是有實習分數跟小考與期中期末啦，但是會勾題,工程統計,高英蘭
考試出中文題 題目基本上都從講義出非常簡單,工程數學,李賜福
考題 去找考古題,通訊系統,廖和恩
考試就是寫會計的表,會計學,陳光政
考試總分140左右 不管怎樣一定要寫好寫滿會給一點同情分,財務管理,楊明晶
15%填充+85%計算,微積分,陳裕益
考試幾乎都從講義內容出，有讀都會過,微積分(ㄧ),林震燦
"每次考題不一定一樣,大概都是選擇15題,有時候有畫圖題還有簡答題,畫圖一定要寫的很詳細,寫的詳細度會影響該題拿到的分數",國際貿易與匯兌,許義忠
小說是,英文(一)初級,許展嘉
期中-上課PPT 簡單,場站經營與規劃,朱來順
期中期末考,都市計畫,顏秀吉
"期中考題是從課本出約6題申論,包括一題是非題形式的申論",海運規劃與管理,曾柏興
問答題如期末考6題，順序與問的方式和筆記的猜題一致，一題20分，最後一題是加分題，一共120分,燃料電池,呂晃志
全部都是問答題以及計算題，題目很多，通常都寫不太完，不過考卷滿分都會破百,資料庫系統,林明言
不算考試，期中考用分組辯論的方式打成績，好玩不嚴肅；期末是整學期以來有吸收到的上課重點分組上黑板寫，派代表說其內容即可,產學合作倫理,李長署
期中考申論題 通常會預先告訴你 讓你可以準備,銷售推廣學,湛明暉
通常都考7頁以上 考試時間2.5～3小時 總分數都超過100 不過題目都偏難,財務管理,楊明晶
會有電腦作業,貨幣銀行學,洪介偉
考試手寫可是都會有考前提示，要創粉絲專頁然後經營跟報告,銷售推廣學,湛明暉
考試題目很少 方向很大 不需要事前準備 只要上課有聽就會,英文寫作（一）,施惠家
每次上課小考單字,工英中級班-余詩芸,余詩芸
全部都是選擇題，而且是原文命題,經濟學一,彭德昭
幾乎都是問答題，跟上課ppt或給的題目有87%像,環境科學概論,呂晃志
考試全申論跟計算題，只要有考古題一律輕鬆高分,作業系統（一）,黃志銘
老師勾的題型必做,工程統計,高秀蘭
考試幾乎都考古題上的,測量學,陳清標
期中上機考(完成線上測驗就有50分) 期末小組報告 助教人很好,數位信號處理應用,林育德
期中期末都有考古、期末考古全中機率高、每周有上機實習、期中通常大家會考不好，太爛老師會給機會補考當加分,作業系統(一),林志敏
沒有作業，有小考會提前一個禮拜說，內容是上次教的,微積分,吳純純
考試都是考口試，因為老師覺得出去外面需要跟人對話比較重要的是口試，寫也很重要，所以會出作業,基礎日語,陳俊廷
不管小考還是大考都會考名詞解釋和計算題，期末考的時候計算題都改成選擇題，但題目也比較難，作業有上課寫也有回家寫，不一定，如果是上課寫，不同時間完成分數不一樣，越快完成分數越高,壽險數學,黃雅文
她隨便出,微積分,林彩玉
文章閱讀劃重點寫答案,英文閱讀,王雅慧
Ppt + 演戲,商業心理學,鄒繼楚
考試考筆記，不需要助教,貨幣銀行學,陳至還
沒有考試,戀愛心理學,
考試不難 只要背好課本裡的單字就好 筆記要寫 最後老師會看 喜歡勇敢說英文的同學 偶爾會有小組討論,余雅涵,羅美文
1~2小組上臺報告 學校比賽的作業 分組課程分析,大學國文,馬偉成
作業幾乎都是上傳ilearn，只有一些要紙本。,文學與生活,余美玲
不一定,貨幣銀行學(ㄧ),陳至還
20題選擇 中英文,運輸經濟,溫傑華
沒作業 平常考要到,工程數學,林育德
期中交報告，但期末考前才需要交，期末翻書考,社會福利與保險,龐寶宏
老師會公布考題在ilearn上面，也會放ppt講義，考試題目的答案都可以從ppt講義找到,漢字文化學,宋建華
上課用書裡 、 報告(要創新、 要創新注重氣氛、 形式),美學與產品創意,簡士超
都是選擇題,經濟學,吳紀瑩
老師小考前會勾題目,電路學二,辛正和
全部簡答題（一、兩題計算題）老師會事先透露題目，但是在課堂上用唸的，要仔細聽，有些學長姐會有考古題，多看有幫助。,高分子工程,吳俊翰
考試很簡單，都選擇題，會給你考題和答案,民法概要,林鴻圖
1.期中考都是問答題，都考老師PPT內容，期中作業的內容佔考題50%,塗料化學,黃義欽
一半填充一半計算,矩陣論,陳長城
考試前一週洩題，選擇題50題,民法概要,王邁揚
選擇題,普通化學,陳文正
沒有作業，考試題型是填空跟計算。,微積分,方瓊菀
沒作業,工程數學(一),林宗志
期中報告做成ppt上台照念也可以，期末交心得，最後歡喜等待著成績出爐。,人際關係,劉平文
每次上課寫心得就有分數，心得掰多白痴都可以,資電概論與倫理,陳志強
期中考大約是三題情境題，期末考大約是四到五題情境題，字寫的越多越好!! 如果怕字數不夠多，可以在答案紙上把題目全部抄過一遍，充字數老師會很開心給你高分。,民法概要,黃承啟
都是課本的，考卷一面選擇，三面計算，選擇要寫算式,會計學,王光華
畫平面圖，跟模擬考建築師考試。,建築設計,宋玉真
Mc題,經濟學,陳依依
簡單,微積分,李英豪
沒有,國文,彭妙卿
尚未公佈,化學,不知道
有作業他會告訴你  很少  一學期兩次吧  就做一做物理題目而已,普通物理,林菲
考前上課會勾題(需課本)，勾十題考五題，寫越多越詳細分數越高，背多分,服務業行銷,黃聰輝
分組報告某一個休閒事業,休閒事業管理,黃智彥
1.期中作業要上網找資料，基本分90分起跳,奈米科技概論,蘇啟榮
沒有作業沒有報告，選擇題跟計算題都是課本題,會計學,王光華
期中期末考可以帶重點筆記，必須手寫在一張A4紙正反面，內容不拘看自己覺得什麼是重點，考試重點在於會應用，刁鑽公式不用背看重點筆記就好。,高頻電路概論,陳志強
沒有考試,工程倫理,忘記了
考全英文,財務管理,朱心蘅
考試只會考4或5題，後面的題目會比前面的簡單，沒有作業,工程數學,林永森
都沒有,高等會計學,鄭佩玉
看老師高興,計算機概論,黃志銘
選擇題10題 要附註原因,電子學,蕭敏學
Demmmmmmmmmmo,作業系統,林志敏
考試從作業勾選題內出題,通訊系統概論,黃定彞
考試會有五題名詞解釋和四大題的計算題,財務管理,劉文榮
課堂小組報告,創意思考,李允中
全程混不上課,實用英文,林憲鋒
沒作業，愛當人,微積分,林維鈞
上課小考,線性代數,黃秀芬
期中印象中都是實作題,初級會計學,黃娟娟
他說會考的絕對不會考,計算機概論,袁維勵
英文,作業管理,吳如娟
全部都是申論,民法概要,黃承啟
做夜輔題穩穩及格,初級會計學,賴炎卿
作業要記得交，平時分數也可以掌握你會不會被當,近代物理,蔡雅芝
沒作業 沒報告,工程數學,林永森
作業叫我們自己出題目自己寫詳解重點是都沒上過的課程就叫我們自己寫詳解....,統計學,吳榮彬
考試有選擇  有手寫 難到爆,會計學,癩鹽清
考試為題組，沒作業,統計學,沈明展
選擇題和問答題，問答題還可以自己先準備題目背起來,企業概論,蕭國鐘
筆試50%、分組報告50%,華語教學導論,李希奇
考試是學校統一喔,統計學,高秀蘭
老師習慣在課堂上小考，要考的前一堂會先提醒，除非太少人來上課臨時決定加考小考。期中期末的話她都會在平常上課洩題，考前會大洩題，老話一句，想學好東西真的不建議找她,線性代數,黃秀芬
只有寫上課心得和簽到,資訊概論與倫理,梁寶芝
幾乎每堂課結束都有作業,初等會計學,黃娟娟
就說不要修了 沒有考試 但作業會讓你懵得不要不要的,實用英文,林羨峰
期中都是手寫題,會計學,王光華
全選擇題,資訊安全管理,陳星百
考試少 期中考跟期末報告而已,市政學,劉曜華
考試其實就是去玩的，因為考試就是打球，兩個人一組，女雙的跟女雙的打，男雙的或混雙的一起打，比賽分數其實只是成績評分的參考，真正的評分是看學生有沒有認真打球，不要常常遲到或坐在角落聊天，分數基本上不會低於90分,體育－羽球進階,趙宸紳
沒作業，考試筆記多看簡單,微積分,陳長城
期末報告自訂 出席不重,心理學,林瑞發
當時全班決議考選擇題，於是老師出選擇題了,機率論,駱建陵
期中期末會給題庫～上課有幾堂實驗課，要交實驗報告。作業有教、題庫有看，相信不會有人被當。,非破壞檢測,楊瑞彬
隨便寫,土木系 工程數學,許澤善
會有小作業跟簡報，基本上不會太難,奈米科學概論,蔡雅芝
認真上課聽講，遇到困難尋求幫助，保證期末pass,邏輯設計,陳德生
沒作業,電路學(一),陳益生
上課筆記算分,線性代數,袁世一
個人作業,有機光電材料概論,蘇啟榮
期末考全申論,微處理機系統,王益文
考試都是考老師上過文章中的單字和翻譯，如果有背其實不會太難的,散文選讀,劉森堯
個人作業一學期三次,財金概論,吳仰哲
老師會給一張清單,華語教材與教法,李希奇
考試全是長問題,國際貿易理論與政策,彭德昭
都是手寫,統計學,林純純
佛,資料庫系統,許懷中
我記得是只有一個上臺報告+期末一張A4心得，老師人超好，上課也很鼓勵同學發言，上課的內容都很有趣!,阿拉伯世界-生活與經貿,詹授合
期中期末背多分，且分數很甜，出席會依簽到表為準，老師很可愛！,中華民國憲法,林賢治
沒有期中期末考,文學電影DIY,王祥齡
期中末各30%，作業出席20%,通識-毒化物,
出席很重  期中期末考的很基本  有在聽  絕對穩穩過,實用營養學,何麗齡
期中期末各占50%，每堂必傳點名單，老師會看出席加扣分，上課會請同學印講義，考前一週很傳題目給同學拍，考試都是申論題寫越多分數越高，認真上課可以學到很多國際的事件。,國際關係,林賢治
非常寬鬆,行政學,黎淑慧
聽老師講人生大道理，出席率不用太高沒關係，總共4個作業，用點心寫就有80分左右，老師人其實很好，雖然有點老頑固，就是上課不能吃東西滑手機穿夾腳拖。,儒道思想學情緒管理,王祖淼
期中分組報告,智慧城市與行動應用,陳奕靜
期中期末考,經濟與生活,陳俊卿
期中期末各30%，平時成績40%，上課有聽就會了，考前一堂課會複習，真的很簡單,營養與健康,何麗齡
出席率占很高，但都是傳簽到單，期中考是每次上次ppt上的三個問題，最好在老師上傳到唉愣後就趕快下載下來，因為他期中考前就會關掉(我考前2天要上去看他就關掉了)。期末考是分組報告，easy。上課很鬆，他講他的，同學做自己的事都沒差，廢課一節。,世界音樂文化,盧韋聿
1.出席發表與討論 40%(幾乎每次都會看電影，會規定哪個年級要寫心得),生涯規劃,楊裕仁
心得記得交，出席率佔分比率偏高，有期中考和期末報告（小組合作）,生涯規劃,楊郁仁
出席30,食品衛生與安全,賴奇厚
沒有考試 ，有時上課寫心得 ，期末會有個分組小報告 ，但是報告會利用上課時間完成 ，老師人超好的最後還會送每個人一些東西 。,智慧城市與實物分析,葉美玲
沒有特別說明 但全勤 期末考有考 作業有教 學期分數拿96,臺灣政治經濟發展,李允中
老師上課分享作品,紀錄片製作,紀文章
沒有考試，期中期末各收一次課堂心得報告，外加課外讀物，每節課會點名，但是座位上有人就好。,電影藝術專題講座,李建成
期中期末+小考1~2次，還有點名吧,民法實用,劉南英
每堂課都會簽名點名。期中期末考前會有各有一次小考，小考考33題，期中期末的50題考題其中的33題跟前一次小考一模一樣，所以分數很好拿，幾乎背一背就好。,化妝品科學與生活時尚,吳珮瑄
報告70趴,多元文化,邵祖威
期中期末考、期末報告、平時作業、點名,心理學整合與發展,潘才學
只要交報告跟心得就好 讚,生涯規劃,楊裕仁
上課抄筆記寫學習單,生命科學,葉怡巖
基本上有交作業老師都OK,生命的藝術,黃圻文
期中期末考、作業,應用文,楊美美
沒有考試,文學、電影、DIY,王祥齡
期中考30% 期末考 40% 平時表現 30%,現代韓國社會和文化,金尚浩
每堂課都點名，出席率佔分數蠻多，其餘則是看期中考與期末考成績！（老師於考前會公布考試題目讓同學回去準備）題目皆是申論題,國際關係,林賢治
平時(口頭報告、出席、書面)30%,中國文物欣賞,戴瑞坤
加分的點很奇妙 不加小數點 一次作業,詩詞欣賞,彭妙卿
期中期末紙本報告有認真打基本上分數會很高,生命的藝術,黃圻文
上課抄筆記，分數輕鬆拿,衛星科技應用,劉文甦
上課蠻多加分機會的,創新綠色科技,朱文祺
出席每次必簽到佔很重有時會抽點回答問題,醫學與人生,劉杜鎮
上課舉手回答會加分,人生哲學,經觀榮
老師上課講自己的人生史，考試按照老師所講的寫認同老師的看法分數會高,行政學,黎淑慧
沒有考試，期中和期末都是交報告，內容是回答老師出的問題，答案從老師給的PPT找，這很重要，他不要自己回答的，一定要照他的PPT寫。還要記得排版。整學期只點4次名，期中前兩次，期中後2次，會算入平常成績。應該算好過，但成績不甜。,倫理道德與生命哲學,黃登煌
期中考差可以補考，期中考前會給考題和答案，期末考自傳，考試可以直接抄，有一篇閱讀心得，一定要交，每堂必點。,應用文,吳秀英
心得報告很多，每節幾乎都有，佔分數很多，期初常點名，期末幾乎沒在點，期末有專題報告，其實不難，小組很重要，老師人其實不錯，作業都交應該都能過。,性別教育與服務-學習,潘才學
其中期末佔的重 然後給分有點嚴格 一次報告 兩次作業,文學與生活,楊美美
期中期末給題庫很簡單只是要記得去拍提款，出席佔蠻重,西洋文學與文化,蔡曉伶
平時30%期中30%期末40%,音樂與人生,黃智瑛
期中佔40%,古典文學,梁煌儀
要買老師自己寫的書 然後好多論文煩死人 每節必點,行政學,黎淑慧
期中期末各50%，非本科系相關之學生一定要熟讀課本,投資與理財,滿肇怡
給分數的時候都隨便看一下就給很低的分數，如果寫很多(3000字以上那種)，他才會認真看，我覺得學不到東西，分數還很低，很後悔選這門課,人生哲學,李元璋
出席10，作業10，期中期末各40,應用文,陳秀文
期中報告+期末考試 考試上課沒聽就完全不會寫 上課舉手有機會加分 老師主觀意識非常嚴重 不食人間煙火,新聞與媒體,羅珮瑩
各佔幾趴雖然忘了 但是期中期末都只考三題左右 都是手寫問答 考前一兩個禮拜會公布題目 題目幾乎都是自由發揮 寫自己的想法 沒有特定答案 很好發揮 老師上課活潑,教育理論與實踐,楊裕仁
參與度高常出現有貢獻就輕鬆拿分,美好時光社群劇場,李舒亭
忘了分數怎麼算,民法實用,劉南英
沒有期中考，筆記加分用，但好像只加一點點，期中交，期末考印象中佔了40%，不難考，有寫有分，最後一題是上課心得電影心得,倫理思維與社會正義,吳元豐
考試非常簡單，都是自己的心得，考前都會告訴每一題的題目，上課是看影片，一學期大概寫個兩三次心得!!沒去上課還可以用其他課補課，老師人非常好也非常好過成績又高,教育理論與實踐,楊裕仁
50%期中 50%期末,材料與生活應用,
期中考，閱讀報告，期末考,營養與健康,何麗齡
沒有期中期末考,觀光美儀與國際禮儀,彭瑞芝
期中期末出席,智慧財產權,葉怡嚴
普通分數不太會當人,智慧綠臺灣,陳上元
上課不知道在上什麼 狂買書 考試考申論（課本內容）有分組報告 基本上有交都會過,行政學,黎淑慧
出席很重感覺分數都是用老師對學生的感覺來打的也喜歡叫學生來發言,人生哲學,李元璋
會發一張出席卡，有去就蓋一格章。期中期末前有總複習跟重點提示。老師有開兩個班，可以換班上課（兩班內容一樣），輕鬆又可以學到東西推推～,國際關係,張子揚
期中考：25%,教育的理論與實踐,楊裕仁
整學期一個報告而已，會一步步帶你做，主要是訪問，常常可以提早下課，英文授課也不會太難懂。,居住與城市研究,張峰碩
期中考25%,心理學整合與發展,潘才學
作業佔50%,倫理價值與生命哲學,黃登煌
10%出席+20%作業,氣候變遷對臺灣之衝擊,黃志偉
沒有期中期末，上課分組做實驗一定要到，之後還要寫實驗報告,奈米科技與生活,袁維勵
有期中跟期末,國際關係,林賢治
出席率-傳簽到表,資訊化社會,馬彥彬
"群組學習:自主自願, 每組7至10人為原則.",社會學與生活體驗,蔡振志
點名會先提醒 考期末而已,現代散文,張瑞芬
一個學期4個報告,文學、電影、DIY,王祥齡
1.有期中考跟期末考,智慧財產之保護與實務,蔡宜宏
做好學生的義務老師都不會為難的,心理學整合與發展,潘才學
"有期中考跟期末考,還有期末報告,考試內容幾乎都是上課的東西,其實很好過,老師也不太當人,但是你如果是男生的話分數從60起,女生80起,字漂亮的話更加分,老師上課很喜歡找正妹互動,看你喜不喜歡囉",肇事科學鑑定實務,張漢威
期中期末各30%,實用營養學,何麗齡
沒期中末考,初階智慧型創新,宋明弘
一個月點名左右，沒有作業，考試只要對老師的申論提出質疑或辯論的感覺，寫越多分數越多，不需有法律底,智慧財產權,
出席都用簽到的，作業分數佔比較重，但是作業很簡單上網查一查就可以查到答案，作業內容越多分，分數越高,認識天然災害,開課老師
1. 平時成績 30%  (小考和課堂參與),統計學(一),王婉倫
成績分配 : 期中考 30% 、期末考 30%、平時成績 40%,微積分(一),林彩玉
分數基本上只要你上課有在聽，筆記都有抄，沒有九十也有八十，老師上課很幽默風趣，根本不會想翹課，重點是課程內容跟生活習習相關，因為有上過這門課，出車禍的時候才不會被別人佔便宜！！大推！,肇事科學鑑定實務,張漢威
期中期末各佔 35%、平時佔 30%,貨幣銀行學,陳至還
期中期末各佔30%,計算機概論,高夢定
有分組作業跟個人的作文，都要交,國文（一）,楊美美
上課認真聽，圖表很重要，老師不會為難你,貨幣銀行學,許義忠
看老師怎麼評，每學期都不一樣，不過都是以考試次數分配比重,作業研究,林暘桂
上課回答問題加分,行銷管理,李元恕
有去就過了,都市計畫,顏秀吉
期中期末應該是各佔30%,會計學（一）,許慧雯
期中期末各佔30%、,初級會計學,吳東憲
點名只點幾次。不過佔分高。讓同學carry一下爽拿分。期中期末有選擇題題庫。75分選擇題有背多分。剩下25分靠努力,國際金融學,劉宗欣
小考60分起跳,微積分 商,陳宏賓
老師沒有明說，或我漏聽,羽球,黃正一
期中期末各30%平時40%,英文閱讀,王雅慧
出席、期中報告、期末繪本,兒童文學,林明洵
期中期末各30% 會考10%助教30%,微積分,林震燦
老師人超好不多說,海運經營與管理,曾柏興
"出席很重要,每節必點,但是上課可以做自己事老師幾乎不管",行為科學,劉樹澤
分數不會太為難，只要作業有寫，學習單有交分數都蠻高的，蠻看重出席的，上課主動發言有加分~~,大一國文,徐培晃
很會教，傳說中的逢甲好老師，只要你去上課就有分數，上課不可以看手機跟睡覺，只要紮紮實實的上課就能吸收很多！！,大一上微積分,林宗志
期中期末各20%，兩次小考各15%，作業跟出席共30%,編譯器,陳青文
點名到 基本就會過,籃球 張景星,張景星
期中40%,高等會計學,鄭佩玉
期中開講義考  照抄,室內裝潢設計,黃喚堂
期中期末不及格但不要太慘,微積分,林彩玉
期中考30%,漫畫日語,張雪玉
上課只要聽得懂,線性代數,林立謙
期中35 期末35 平時30,消費者保護法,林倖如
平時作業40%,作業管理,吳如娟
考上課教的考試可以看手機跟筆記 老師會教五個車禍範例自己寫四個,交通肇事科學,張漢威
開書考 要做簡單報告 輕鬆,使用者經驗設計,林國貴
上課舉手會加分,應用數理統計（一）,張育瑋
出席:不要太多次缺課 2-3次還ok,商用英文會話,林慧洙
只要都有去 有期中 就是上課內容 我當堂才學會 80過沒有期末 最後90分,太極（體育）,盧裕山
一次作業(題目自訂、可複製貼上)+一次上臺報告(上學期是東協的國家中挑一國來介紹)，報告結束會問大家意見給分，都是85分↑再+報告互評，不點名，評分方式超free，老師人又好又有料，目前是大陸一間知名企業CEO，喜歡把滿滿的資料跟同學分享，超推！！,策略管理,伍昱睿
期中期末有一定比例,國文,陳立安
一節課都不去都會過,民法概要,廖重宏
期中30%期末40%平時30%,個體經濟學,李文傳
國文的評分方式是全校統一，不過平常分數老師真的不會太刁難，會抽籤回答，但回答不出來就換下一個，回答出來就加分，平常作業成績跟期中期末寫作分數也都給的挺高，上課內容跟方式很多元,國文,洪英雪
平時成績(課堂討論、學習單)、期中、期末、作業成績,大學國文(一),劉士民
要期中期末考，老師很注重出席率，幾乎每節課都會點人起來回答問題，但是老師教學上真的很認真，她還會額外補充一些文化上的知識。,日文一,林盈萱
期中期末各50,銀行實務,徐慧敏
課堂小組題目.點名加扣分.期中報告.期末報告.股票實際操作,財務報表分析,簡正儀
有隨堂考 算入平時成績 作業缺交4次以上危險 缺席很虧,大學國文,施筱雲
課程非常實用，且上課可聽到很多時事新聞，重點是教你投資策略使用方式跟心理學,證券投資學,羅仙法
期中期末60%平時成績40%,有機化學,陳奎佑
考試前都會洩題，採隨堂考的方式，可看課本講義,個人資料保護法,劉南英
期中期末佔60，出席率40,微積分,侯柏宇
期中考open book,全民國防教育,王丕維
老師偶爾點名，通常是簽到表，只有期末一個分組報告，平常上課就是看老師的PPT或是做DIY，上課內容很有趣,傳統藝術文化與技藝入門,鐘文伶
其實好好考就會過了,普通物理。電磁光,洪耀正
30 30 40,微積分,張桂芳
期中期末各30%,抽樣調查,吳榮彬
老師人超好，只要上課大概都有到，作業都有交，成績都不錯，而且對系外學生會鬆一點。有時候上課是去校園走走認識植物，很有趣不無聊。,景觀植物,張莉欣
"期中期末各佔30%, 作業與出席佔20， 實習課佔20%， 老師人很好上課回答問題交加分作業等 老師都會記得",會計學（一）,邱安安
期中30%,大學國文（一）,楊美美
期中期末考、 有期末報告、 上課發言會加分,行銷管理,李元恕
基本上都不點名(有點簽到單),大陸與東協市場開發與通路管理,伍昱睿
期中期末都是報告!!!,工具機專論,賴泳龍
不太考試但每堂課都要小組討論 老師人超好 課程超好玩,智慧型運輸系統,李克聰
期中末標準投影片都有 偏甜,計算機概論,許煜亮
開學會說,微積分,陳孝武
超涼 簡單,大陸金融問題研究,張倉耀
期中考20%,作業管理,吳如娟
期中期末加起來200分就過了,初等數論,楊基源
每節必點跟考試,瑜珈,吳蕙米
有內容好過,統計學,朱南玉
期中期末各佔35%、平時成績30%，平時成績看作業、平時考，上課點名採加分制，有到就加分，沒到不扣分。,經濟學(一),李文傳
老師人超級無敵nice， 上課有分組搶答加分活動， 有問題尋問她時都會很詳細地解說，是個好好老師，只要多練習題目大致上這門課一定pass,會計學,邱安安
沒有期中期末考只有報告而已 上課藉由報告寫學習單 老師人很好,人力資源管理,張美燕
考試不會太難兩題，有考古題，有看有分，但是有點忘記佔多少趴了,文物管理,戴瑞坤
考試不會很難，出席不重，一學期大概點個幾次而已，老師教的好，認真聽，輕鬆過。,會計學,盧鈺欣
老師人超好超可愛,餐旅行銷管理,王郁彬
期中期末各30%平時成績40%(包含結報預報，至少要做1/2以上才能過),電子學實習(一),何子儀
有分考試跟作業,肇事科學鑑定與實務,張漢威
小考（4～6次）30%、期中30%、期末40%,複變函數,蘇恆毅
每堂點名 有去上課平常分數就很高 有隨堂小考 但超簡單 期中期末選擇題都是被答案啦 超簡單 我覺得有修必過 而且是高分過,英文閱讀,王雅慧
10%出席，15%上課加分，10%小考，作業10%，25%期中，30%期末,壽險數學,黃雅文
學期前老師會公佈評分方式，最後調分時會整體一起加，然後50~59的最後總成績為60分。,數位系統設計,陳德生
期中期末報告和一個考試，就！這！樣！,商業知能,黃林禮
期中 期末考 各佔 15%,大學國文,梁煌儀
期中30 %期末40 %丶小考和報告各佔15%，期中和期末考試的分數都會超過100分唷！老師說他是客人，客隨主便！人超級好的，教的又棒，簡直就像是天使一樣,貨幣銀行學,張倉耀
期中期末各35%、出席率20%、作業10%,文字學,李綉玲
期中期末各會有考試，老師都會先教，而且都有補考的機會 再來就是點名的部份，老師很注重出席和穿著，然後老師教的很仔細，可以學到很多,體育-網球,劉佳哲
1.繩結與確保30%,攀岩,張宜正
沒有期中考期末考,創業入門,徐光明
總共考三次試，考試成績很重要，修這堂課的同學真的要認真上課，但學到的東西蠻多的，老師也會分享很多有趣的事，用不用的到看個人囉！,國際貿易與匯兌,許義忠
期中30期末40平常30很硬,高等微積分,王磊
呃…我單純是想推統計在很多地方都有用，教我統計的老師已經退休了😂,工程統計,高英蘭
平時跟作業40% 其中期末各30%,工程數學,李賜福
你多認真就有多少回報,通訊系統,廖和恩
頗鬆的,會計學,陳光政
期中期末有一個進步幅度就會過,財務管理,楊明晶
期中期末各30%,微積分,陳裕益
不定期點名，通常考前兩週會點名。,微積分(ㄧ),林震燦
課堂小考20% 期中期末各35% 出席10%,國際貿易與匯兌,許義忠
分配忘記了,英文(一)初級,許展嘉
我出席率有點低 因為沒出席被老師記住,場站經營與規劃,朱來順
老師上課人很好 不刁難,都市計畫,顏秀吉
期中期末考試各20%,海運規劃與管理,曾柏興
期中考、期末考、出席率，考試很甜完全考筆記內容，會告訴你考哪邊，背一背就沒問題了,燃料電池,呂晃志
期中期末各30%，小考20%，作業跟平時成績20%,資料庫系統,林明言
出席率、期中辯論、期末討論，沒有考試,產學合作倫理,李長署
期中考超簡單 期末報告也很輕鬆又學得到東西,銷售推廣學,湛明暉
期中30期末40小考作業分數也會影響哦 考試還有教的有點難 但是認真上課可以學到很多東西哦,財務管理,楊明晶
每堂課都會有作業、會點名（有時候課間還會再點一次）期中期末考都會提早考、會有考前提示（很重要都會考）,貨幣銀行學,洪介偉
有期中跟期末報告～還有出席成績 老師人很好,銷售推廣學,湛明暉
忘記各佔幾趴 但有期中考 很簡單 只要上課有跟著老師的腳步一定沒問題 老師要求的作業也不多 只要按時繳交 分數都不是問題,英文寫作（一）,施惠家
一定要到按座位點名,工英中級班-余詩芸,余詩芸
上課要專心，千萬不能滑手機還有睡覺，作業一定要交，不然必當無疑,經濟學一,彭德昭
期中+期末考大概佔90,環境科學概論,呂晃志
期中期末各35%，平時30%,作業系統（一）,黃志銘
期中、期末、兩次小考 每個20%,工程統計,高秀蘭
分數給的不錯,測量學,陳清標
期中上機考 期末小組報告 助教人很好,數位信號處理應用,林育德
上機作業佔很重、期中、期末、出席率、上課回答問題加分,作業系統(一),林志敏
每堂必點，需要照她的要求寫，雖然嚴格但是老師人也不錯,微積分,吳純純
期中期末各35%,基礎日語,陳俊廷
期中考25%，期末考30%，正課4%，實習課6%，作業10%，小考10%，上課回答問題15,壽險數學,黃雅文
自己查,微積分,林彩玉
期中期末外加課後小作業,英文閱讀,王雅慧
每個禮拜有一小份小組報告 做ppt跟演戲 期中期末也是演戲 上課輕鬆蠻不錯的課,商業心理學,鄒繼楚
不喜歡學生睡覺，喜歡人多,貨幣銀行學,陳至還
報告佔最重其次出席,戀愛心理學,不知道欸...
期中期末大約30% 會在課堂最後點名 是到講臺講英文或給老師看英文筆記 上課多舉手回答會有好印象,余雅涵,羅美文
期中期末各30% 作文改很嚴 報告加印象40% 回答問題似乎有加分,大學國文,馬偉成
作業幾乎每堂課都有，但不會太難。,文學與生活,余美玲
期中期末各佔30%，平時成績４０%，算是一分耕耘一分收穫的課，上課有黑板筆記，考試大概只考筆記,貨幣銀行學(ㄧ),陳至還
期中30% 期末報告40% 出席10% 平時分數10% 發問分數10% 發問分數很重要,運輸經濟,溫傑華
考前有考古 讀熟就過,工程數學,林育德
期中末各50%，上課至少要舉手問答一次。,社會福利與保險,龐寶宏
沒有作業沒有報告沒有小考，期中考期末考而已，幾次的簽到但是老師不重點名,漢字文化學,宋建華
期中期末(一定要寫通關密語哦) 報告(超重要),美學與產品創意,簡士超
期中期末各30%作業平時30%出席10%,經濟學,吳紀瑩
期中30%,電路學二,辛正和
幾乎每堂必點，但是如果有次點名單要送學校的前一個禮拜，會事先告知同學下週點名。,高分子工程,吳俊翰
出席佔很重，沒事不要亂翹課。,民法概要,林鴻圖
出 席  : 20%,塗料化學,黃義欽
開學第一次上課會和學生討論,矩陣論,陳長城
沒有作業，考試只有期中期末,民法概要,王邁揚
小考2次  期中期末,普通化學,陳文正
期中期末各佔30%、平時佔40%，上課偶爾點名，講解算清楚，會停下來等你自己算一遍！,微積分,方瓊菀
出席12%小考(4次)28%期中30%期末30%先說老師很硬，絕不調分，但保證收穫很多，想學好工數的人推推,工程數學(一),林宗志
沒有期中期末考,人際關係,劉平文
沒考試，沒評分方式(⊙＿⊙),資電概論與倫理,陳志強
依照學校點名方式，期中期末各有兩次隨堂點名(用ilearn點) 這部分佔平時很重的成績，期中考跟期末考前都會說要考試，可是每次都突然不考，改出作業(題目抄到死)，評分方式真的不知道是依據什麼，聽過最誇張說法是用電風扇吹考卷，飛的越近越高分...,民法概要,黃承啟
老師教的有點爛，但期中期末考都考課本習題，每個禮拜都有小考，好過,會計學,王光華
要跟設計老師理念相同，設計課才會比較輕鬆。不然有一些老師會很雷，你辛苦做出的作品會被罵的一文不值。,建築設計,宋玉真
期中佔70%平時佔30,經濟學,陳依依
點名算額外加分,微積分,李英豪
偏甜的一門國文課，加分方式很多有些滿無言的，但算是國文課好過的，上課寫學習單，可以睡覺（會被叫起床）可以滑手機（要擺課本）期中期末各佔30%平常成績包刮 學習單，出的作業  作業有交 段考成績不差 基本上都會過,國文,彭妙卿
尚未公佈,化學,不知道
評分很輕鬆  期中期末甚至會自己出考卷出到滿分120.130讓你爽爽過 期末時還會加分  而且全勤加超多  結論是只要考試帶點腦  平常都有到都能過,普通物理,林菲
平時成績30%,服務業行銷,黃聰輝
期中期末分組報告,休閒事業管理,黃智彥
1.期中作業30%(上網找資料),奈米科技概論,蘇啟榮
上課上的很爛，每堂課必點名，平時分數只要到就會高，段考題目跟課本一模一樣，只要背答案就可以了,會計學,王光華
平時20%、小考/作業20%、期中考30%、期末考30%,高頻電路概論,陳志強
期末報告很重要,工程倫理,
老師感覺蠻重期中期末和報告,財務管理,朱心蘅
小考兩次30%各佔15%，期中期末各佔30%，出席率佔10%,工程數學,林永森
沒,高等會計學,鄭佩玉
期中30%期末30%平時40%,計算機概論,黃志銘
期中30%期末40%平時30%,電子學,蕭敏學
Demo一定要去做,作業系統,林志敏
作業30%（共8次作業，只需交6次以上）、期中30%、期末30%、課堂表現10%（這部分是看作業是否自己完成或抄解答）,通訊系統概論,黃定彞
其中期末會先給出題範圍，但是大家考出來一樣差,財務管理,劉文榮
印象分數很重 給分方式不明,創意思考,李允中
沒比例,實用英文,林憲鋒
我忘記了,微積分,林維鈞
分數不錯,線性代數,黃秀芬
期中期末,初級會計學,黃娟娟
不了解，基本看上課作業交的程度,計算機概論,袁維勵
期中20%期末40%平時、作業40%,作業管理,吳如娟
老師開學會和甲班班代討論,民法概要,黃承啟
出缺席 作業 筆記等等都會算成績 給老師的印象很重要,初級會計學,賴炎卿
考的不好沒關係，記得高於平均就好,近代物理,蔡雅芝
考試很難,工程數學,林永森
完全沒有評分方式 應該是看心情去評分的,統計學,吳榮彬
上課一定要去 媽的除了喪假沒到全都是曠課 不管是生重病或出車禍都要去上,會計學,癩鹽清
期中期末各佔30%，平常成績與出席率40%，考試愛考題組,統計學,沈明展
隨便考隨便過，老師不當人，但就是很廢,企業概論,蕭國鐘
期中30%、期末40%、作業20%、出席10% ，課程&教科書很艱澀，李老師教學風格偏嚴謹，是門很硬的課 !,華語教學導論,
老師心情決定一切,統計學,高秀蘭
出席會占5%，所以習慣蹺課的同學要考慮一下，還有選課秘笈上寫好過是沒有錯，但是如果是想學到線性代數精髓（有辦法應用這個學科的知識）的話並不推薦，因為老師上課都在講題目和她會考什麼，還有，她時間表蠻滿的，不容易問到問題。,線性代數,黃秀芬
莫名奇妙的算分方式，我也不知道怎麼算的,資訊概論與倫理,梁寶芝
"因為是會計系 每節課都會點名 老師都投影片 且筆記都是看到黑板有空位就寫,很雷 如果沒有隨時發摟可能就看不懂.跟不上",初等會計學,黃娟娟
別選 超級沒營養 老師性格超差 只推薦女同學選,實用英文,林羨峰
評分紮實,會計學,王光華
期中期末50%，平時50%（包括3次小考）,資訊安全管理,陳星百
上課風氣自由 鼓勵討論 分數會給很高,市政學,劉曜華
期中考占百分之30分,體育－羽球進階,趙宸紳
平時20%小考20%期中期末各30%,微積分,陳長城
期末報告有交、自評不要謙虛就會高分,心理學,林瑞發
課堂表現和小考各20%，期中和期末考各30%,機率論,駱建陵
期中、期末、實驗報告、出席。分數給的不錯，作業要交。,非破壞檢測,楊瑞彬
隨便過,土木系 工程數學,許澤善
平時40%,奈米科學概論,蔡雅芝
老師最後把50-60分的學生全部變60，老師好,邏輯設計,陳德生
期中期末各25%兩次小考各25%額外加分考20%共120分,電路學(一),陳益生
筆記佔40%,線性代數,袁世一
作業最最最重要，有期中考、期末考但其實比重不大，出席可以加分，幫老師訂書也加分。,有機光電材料概論,蘇啟榮
三次上機考各佔60%，期末考佔40%,微處理機系統,王益文
期中期末,散文選讀,劉森堯
有交作業跟出席就會過了,財金概論,吳仰哲
重要是用老師自己印的講義,華語教材與教法,李希奇
考試考很難,國際貿易理論與政策,彭德昭
期中期末30%平時40%，小考分數很難拿~,統計學,林純純
環境化學與生態  簽到、影片心得、期中期末簡單選擇題，跟國高中程度差不多的地科題,,童翔新/張立德
上課很活潑，會努力把氣氛帶起來，會出課堂作業，期中期末有50就給過，不點名、會抽問，好過。,,陳柏全
殺蟲劑與生活，很好過，期中考會考，期末交交報告，然後期末考考學生自己出的題目,,李書安
作業有交、 考試有考=過,,丁威仁
一定要修，可以學到很多東西，沒有考試，沒有點名，是位很認真、有熱忱、真心關心學生的好老師,,丁威仁
考上課內容、不點名、滿好過,,李寶玲
中文系以外的很好過,,陳兆南
很硬、會點名、會有小考、有作業、考試會勾題問、分數打得蠻低,,葉守桓
有報告、考試要背、報告多。,,鄭慧如
open book,,劉國平/李本燿
每堂必點、分數70起,,簡秀娥
讚又涼,,陳義成
簽到、考前勾題目、報告分數高,,林孟靈
期中考是作業、期末考前會給考題,,李仲民
交一次心得報告、兩題默寫賞析、另兩題只要賞析；重點名但不常點，考上課內容,,唐文德
考講義、不點名、交報告,,余美玲
重點名、考前給考題；重出席，考上課內容。,,金尚浩
韓國人，口音有點重，分數普通,台灣文學,金尚浩
不點名,,李威熊
交報告,,劉明傑
重點名、有作業、無期中考、期末考上課內容；期中考選擇填充，期末考簡問答，沒報告，重出席。,,陳昭明
期中後讀報告，錯字不能太多，考筆記重點,民法實用,陳昭明
考前講重點、 open book,,梁煌儀
期中考分數相較於其他老師偏低，然後再加分，每節必點，找老師請假，上課PPT或國文教材影片,,梁煌儀
上課請認真準時，考試重點都在課堂中，分數不錯,古典小說,梁煌儀
上課很中文系，給分不高,古典小說,梁煌儀
點名，考前公布題目，會依比例調分,古典小說,梁煌儀
只考4首詩ㄉ默寫與翻譯、不點名,,戴麗珠
考上課內容,,黃敬欽
作業考試又很簡單,,羅文玲
老師人不錯，好過，上課看看電影寫心得，每堂點,,李建成
沒考試，期中交報告，每堂課都要交心得，算好過，但分數普通,,李建成
分數高好過，但是作業心得「超級多」，有參訪,,郭迪賢
被老師認識很容易被針對，講話讓人摸不著頭緒，功課量非常大，還有每次上課都會要求要寫心得，最後全部會評分，但評分沒有一個準則，上課常常動不動情緒化，非常雷。,,郭迪賢
做報告自學,,郭迪賢
老師人不錯，上課輕鬆，分數OK，很認真的老師,,葉怡嚴
智慧財產權法概論，上課簽到，期中、期末考申論考試，只要會掰內容，,,余賢東
老師都不會給太低分，期末再交一篇心得，不限字數，也是可愛好過的老師。,,余賢東
上課以簡單案例說明智財，滿有用的！不會死背法條，上課須寫心得、簽到,,余賢東
點名、考上課內容,,楊璟琦
少抽點、可不考期中、末考、but交5000字報告,,江仰婉
有報告、考試要背、常點名，，老師人很好，好過!推薦!,文學概論,楊美美
這世界應該找不到被他當的人了吧,,楊美美
有小考，網路有講義，貝多芬,應用文,楊美美
重討論,,陳慶元
點名、報告,,徐國能
成績跟點名和大小考無關,,彭妙卿
重點名、考選擇跟是非題，  考前講重點,,劉良佑
期末交一份報告、上課會點名,,許禎娟
每節必點,,陳琬喻
沒有期中考、期末考題目有一些是課堂上說過ㄉ、偶爾點名,,簡上仁
隨堂作業當平時成績、期末會有報告是去美術館看展覽,,詹文華
期末做作品、偶而點名,,劉孟晉
"上課抄筆記、,偶爾點名、期中交音樂報告",,許芸菲
偶爾點名、期中期末提前考、交一份40頁以上分組大報告,,鄭淑芳
點名會通知、考試簡單,,簡榮聰
考影片內容及其解說、重出席,,劉仲倫
沒期中期末考、交兩份報告、報告要求嚴,,崔征國
考上課內容、少點名、期末一個3000,,林季芸
必點，期中期末考、期中期末報告，不算好過但分數不錯,人造環境欣賞,林季芸
寫報告且上台發表,,萬琍琍
考上課的筆記、選一個古蹟做成幻燈片上台報告,,陳哲三
沒考試、有交報告、不點名,,鄧鴻樹
每堂必點、上課先預習、龜毛,,姚憶倩
偶爾點名、平時小考、期未考可選交報告或筆試,,黃智瑛
分數不好看，熱愛古典樂再去選,,黃智瑛
上課作筆記，考試題目細，愛噹人。,,莊義芳
分數不怎麼樣，70起跳75大概是班上的最高分了，報告、心得、參訪、期末考。,,莊義芳
考簡答申論、報告不好做；交一份為期兩個月的剪報,,劉常山
老師主觀意識太強，申論不好寫，分數低,,劉常山
沒有期中期末考、小考、要交筆記,,李元璋
每節必點，上課分組討論與發表，無考試，交筆記,,李元璋
點名加分用、報告不可抄別人的、考試事先給題目、平時有簡單小考,,張靜宜
不用上課都會過、但考試要會寫,,張勁燕
郭錫陽=郭80、點名、open book,,張勁燕
考試前告知考題、報告是30天的剪報,,張志相
報告要準時交、點4次名、分組交報告,,王志宇
人很好，有時會傳簽到單，期末上台報告，好過,民間信仰,王志宇
考試背一背寫多一點就會高分、點名是加分用、交作業,,經觀榮
會點名，上課看影片，期中期末考會事先公布，都是問答題，有期中期末作業，內容是上課看的電影,,經觀榮
點名、期未考遺囑一篇,,黃漢青
沒期中考、一份小組報告、期末考會給題目,,張燕梅
考前給題目,,賴惠芬
上課露考試內容、考上課內容、重點名但不常點、交作業,,林永崇
入門課程很實用，筆記很重要！期中期末上課風格不一樣，期中要把握！,批判思考,林永崇
期中交報告、平日寫幾次心得、考筆記,,游惠瑜
沒期中期未考、寫報告、要超筆記,,黃登煌
一學期點名三次，都有到五十分起跳，上課只要不要講話就不太管，書面報告是投影片內容，分數普普,,黃登煌
每節必點、沒有期中期末、要交心得、全組書本大綱,,王秀花
考前勾部分題目、有念才會過,,陳中庸
點名事前先通知、考筆記、很好過、考試要背很多,,曾一民
分數高、但須每節必到,,張水木
考筆記,,張天佑
事先公布考題、點名先預告,,王振軒
上課要到、報告要做,,陳坤森
好過、上課活潑、but分數低、不點名,,王謙
考題簡答分數低，上課不知道在激動甚麼，愛跟學生吵架，不點名,,王謙
上課不知所云,,王謙
上課用PPT要自己抄筆記，期中期末考筆記，都考申論，會提示，喜歡同學跟他互動,大陸問題研究,王謙
報告一次、重點名,,黎淑慧
這門課比較類似是「領導學」，要買指定參考書，寫心得，上課會分享老師個人事情,行政學,黎淑慧
老師很有經驗，上課頗風趣，考試就是背課本，要90分以上就要背整本包含細節，另外，報告85分起跳，作業有完成可加分。,行政學,黎淑慧
老師分數給很高，報告有兩份，只要有做作業或上台發表言論，然後有期中期末考，要背課本的東西,,黎淑慧
比較偏向領導學，不像是行政學,,黎淑慧
"期中考報告代替,題目自訂、考題事先公布",,蘇詔勤
考題是非題,,張子揚
算好過，點名算成績，考試會先給題目,國際關係,張子揚
不點名、考題事先公布,,林維新
對政治有興趣的可以聽到很多八卦，分數普通約7x，期中期末各交一份心得，看上課人數點名,,林維新
考前提示題目,,陳明舜
第2節點名、考題有看書就會寫,,劉毓卿
沒期中考、期末考是非題,,許嘉昇
點名、open book,,廖婉君
沒期中考、期末考open book,,蔡蕙芳
期中考選擇填充、期末考簡.問答、沒報告、重出席,,陳昭明
公司及票據法/民法概要，老師年紀很大也很愛亂扯，上完課會想念他，老師懂很多也會分享很多，對同學也很好!推!,,陳昭明
考試很簡單，有認真讀書一定會,,陳昭明
抄筆記、重出席、考試考上課說ㄉ、open book、考前會洩題，答案自己找課本,,劉南英
點名、考筆記,,盧良在
點名5次不到死當、期末報告3000字交,老師教得好、上課要作筆記、要交報告,蔡振志
舊版資訊已無參考價值，基本上期中期末考都會提前給題目，最後一堂課一定要到!,,蔡振志
普普，人好，但報告有點多,公民社會的政策參與,蔡振志
不背=當,,林賢治
推薦！會分析台灣政治現況，每堂必點,政治學,林賢治
作業多、簽到,,李玉瑛
題目幾乎是心得、每節必點,,林金福
不點名、無期中考、期末考交一份報告,,林瑞發
學校要求點名，期末報告有點麻煩，內容不符合期待,,林瑞發
拿個學分可以，但東西有點少,心理學,林瑞發
考卷考前發回去寫、分組報告上課內容,,楊裕仁
教育學概論，考卷會先公布題目，大一到大四每周輪替報告影片辛德，有缺席限制，可以補課,,楊裕仁
好過，分數8x,,楊裕仁
每節必點、考試簡單,,李星謙
書面報告、加分作業、無期中考、 期末open book,,蔡佩珊
每節必點、考4題深論、每題120字以上!!考試輕鬆但必點名！,,馮景如
常點名、沒期末考、偶爾有作業,,陳斐娟
每節都點名,,陳介英
一份報告、需上台、沒期中考、為轉聯的社團指導老師,,胡鳳生
老老實實上課、作報告...,,楊蜀珍
會點名、要報告、上課會分組討論,,潘才學
老師上課很有內容，可以學到很多，期中期末有書面報告和分組報告，都有完成就好過,性別教育與服務,潘才學
個性有點消極、雖上課後會有點低潮、但會了解台灣過去的歷史痕跡,,鄭梓
有報告、考前會勾重點,,張華葆
簽到，期中期末有報告，考選擇題,,張梅英
老師人不錯,,張梅英
考問答題、解釋名詞、 申論,,馬彥彬
每節簽到，認真聽可以學到很多，只有一次期末報告,資訊化社會,馬彥彬
傳簽到表，上課輕鬆，禁止聊天，可以學到東西，老師人很好,資訊化社會,馬彥彬
每節簽到、考期中考、沒期末考、小報告、大報告是書面加口頭報告,,何信瑩
重點名,,陳森松
不點名,,陳俊卿
考前會提示、考試考筆記,,謝國成
報告、不點名、分數高,,洪裕勝
考選擇題、不點名,,方文碩
簽到、報告、考上課內容,,林憲德
每次交作業、考前說題目、重出席,,涂春永
記熟上課筆記、例子、簽到，企管大刀但外系好過,,劉平文
重出席、考前勾重點,,黃聰輝
重出席、考平台、作業,,游慧光
一定要聽課、不點名、考填充題、非常難過、是個大刀,,滿肇怡
期中期末各50%，上課用PPT，請認真上課,投資與理財,滿肇怡
"教官，人很好，心得+報告，好過，""服務專題""只需要上半個學期，剩的自行找時間做志工12小時",,宋懷德
點名,,夏育群
點名、交作業、90起跳,,魏念昆
點名、事先公布題目、考筆記,,鄧嬿娥
點名、勾考題,,劉文甦
好過，上課要抄筆記，因為期中期末考都考筆記，而且考試是open筆記,,劉文甦
抄筆記考筆記，請照老師方式解題,衛星科技應用,劉文甦
每周上課心得，期末拍影片,,高承恕
上課照念，不點名，考試與分組專題報告,,施漢鵬
晚上上他的課很難熬，很無聊想睡。,,施漢鵬
分數好，好過，不太點名，作業有交會過，上課別太吵,,施漢鵬
超好過、but會點名,,周明智
不考試、不點名、很好過,,楊文燦
錯誤：501,,蘇宜莉
會點名、考試有考題,,喻家駿
不點名、報告,,簡正一
open book,,林泰生
每周交報告、點名,,丁幸一
超好過，2000心得報告，期中期末不難，考前看PPT，申論多寫一點，High pass,,黃思倫
性別關係，課還滿好玩的，偶爾點名，考試不難算好過,,王釋逸
新老師，教海洋生物多樣性與保育，人很多，上課內容豐富有趣，因為他自己本身屬此專科，因此他會告訴大家有許多，有趣的案例，班上同學都滿認真聽課的,,黃元照
應用文，容易過，上課必簽到，考試有期中期末，期中是公文，會挑一篇公文示範給你看，把它全部背起來就好，不難，老師會要求另外加寫一兩條事項，建議不要裝懂，免得被罵，期末是自傳，要求自傳相親文，期末可帶稿去抄。,,吳秀英
想要學東西的請斟酌選課,,吳秀英
夜通識，好過，考試只要有寫都會及格，題目大都是課本的一些定義，除非都沒去考試，要不然不太會被當，,,李昌麟
上課喜歡挖人問問題,,李昌麟
上課喜歡和學生辯駁，會希望學生買書，但可能沒有要教,,李昌麟
不算是好輕鬆過的，感覺是非常重視上課態度的老師。,,林季芸
傳點名單簽名，算好過，考試題目大概都是問題與申論。,,金尚浩
每堂課簽到，點名分數很重,,金尚浩
會簽到，有期中考，內容是期中考前的回家作業與上課放的音樂，期末分組報告，如果都有完成，算好過，分數不低,世界音樂文化,盧韋聿
期末報告讀一本書，其中也是報告，簽到，算好過，分數可接受,生命的藝術,黃圻文
上課偶爾點名，有期中考OB，期末團體報告，不難，分數可接受,環境生態,林煜棋
上課抄筆記，內容很實際，會告訴你政壇的事，很有想法，期中期末考筆記內容,政治學,劉坤鯉
比祭典，考試ob，分數普,政治學,劉坤鯉
每堂必點，各種報告，內容有興趣收穫良多，老師人好感姓，喜歡有互動的學生,生死與哲學,劉秀齡
必點，報告不少，對哲學有興趣可參考,生死與哲學,劉秀齡
每堂必點，出席算重，考試考問答，都是上課PPT，PPT不外流，上課也不能拍PPT，要認真抄筆記，內容豐富，但老師講話有點小聲，想聽醫美的可以去認真聽，想賺營養學分的千萬別去,醫學美容與人生,許釗諭
上課都在看youtube，作業有點難，有些不清楚，好過但分數普通,智慧型創新,宋明弘
考試帶任何筆記或書進去就好，可以學到東西，出車禍時就知道該如何處理,肇事科學鑑定實務,張漢威
推薦有心上課的同學，想混就別選了,肇事鑑定,張漢威
輕鬆上課，有出席幾乎都會過，主要講解醫學知識，PPT有紅字的是考試重點,醫學與人生,劉杜鎮
[智慧財產之保護與實務,夜通,蔡宜宏
上課看三部電影分組報告，期末拍影片,文學電影DIY,王祥齡
好過，老師人很好，學到不少,文學電影DIY,王祥齡
每節簽到，認真聽可以學到很多，每次上課會請不同的教授來上，三次心得報告，一次期末，不喜報告慎選,藍星球綠生活,雷祖強 陳昶獻
上很多哲學的東西，要記哲學家的名子，老師上課認真，說很多故事，上課要做筆記,倫理思維與社會正義,吳元豐
有時傳簽到單，有時發筆記單當點名，人不錯，好過，分數不低,奈米科技與生活,袁維勵
點名方式為ilearn寫筆記，分數不高，請參考,奈米科技與生活,袁維勵
強調上課不能玩手機，踏到老師的點就難過，請參考留言#251,英文美學/夜通識,劉森堯
想好過又想學一些日本文化的可以修，背多分，交報告，好過,,黃輝慶
前身為駐日外交官，認真上課可以學到很多東西,日文,黃輝慶
喜歡演戲的可以修，會有期末演出，演完以後就不用再去上課，但老師情緒有點難以捉摸,,莊慧淨
除非有興趣要不然請斟酌,,莊慧淨
老師有點嚴格，不過只要認真投入就可以完成過!,歐洲舞台藝術表演,莊慧淨
印象分數重，每堂課都有作業會點名，邊緣人不擅交際者請避開,心理劇與自我成長,鄒繼礎
全英授課但不難，老師會翻譯，基本上有到作業有交多參與課程就OK,心理劇與自我成長,鄒繼礎
，好過，老師第一次帶通識課,智慧的天空之眼,郭靜怡
偶爾點名，好過,環境生態,林煜棋
各個老師輪流上，三個作業、出席、上課、期末報告40%，內容以地球環境永續發展相關,,強本高濤系列
很好過，請同學不要明目張膽翹課,日本歷史與文化,黃慶輝
上課輕鬆，但要求要考證照，讀題庫都會過,專案管理基礎知識培養,謝孟勳
內容大概和高中生物差不多，好過，成績普,生物學與生物倫理,張智翔
人不錯，只要有考試應該都會過,生物學與生物倫理,張智翔
每次老師不固定，請業界醫師授課，算好過,,張智翔
每堂點，考試OB,台灣原住民族的社會與文化,王嵩山
非常會教保證學的到東西，但很兇!!!!出席率很重要!!!分數好,民法概要,林鴻圖
老師人好易過,社會形象創造專題,黃千容
每節必點，分數略低,生活中的工程與科技,許聖富
人好，必點，分數不錯,從風景繪畫看台灣歷史,陳秀文
好過，人數太少會點名，考試不難，報告考試都有弄應該沒問題,綠能與環境,傅俊中
內容簡單，盡量不要翹課，考試內容請寫多，跟著上課的方向寫就可以高分,科技與倫理,溫大君
沒考試作業多，學的東西可能比較少,世界建築欣賞,郭錦津
重出席，考基本，人好不難過,實用營養學,何麗齡
內容有趣，分享一些趣事,阿拉伯世界,詹授合
重印像分數，評價不太OK,創意思考,李允中
上課講道理，人算不錯不難過,儒道思想學情緒管理,王祖淼
上課輕鬆，人好，學到不少東西,智慧城市與行動應用,陳奕靜
參與度高的話分數就好，輕鬆,美好時光社群劇場,李舒亭
基本英文，上課不難,居住與城市研究,張峰碩
很好過、老師人很好,,張景星
人很NICE，常常與學生哈拉，對體適能很放水,,楊偉鈞
人好，但必點,,楊偉鈞
不錯,,郭瑞益
上課必須認真、練習才會high pass,,汪敬三
不錯；新增：分數普通，會分組比賽，較不自由,,黃建賓
不是大刀，但重點名，被當是因為翹課,,黃建賓
上課認真，適合想學東西的人去上課，想要涼課的可能只會被趕走當掉，需要對體育有熱忱,,勞安如
好過,,勞安如
必點、上課滿輕鬆的、考試簡單,,楊雨郭晨
幽默人好,桌球,楊雨郭晨
必點、上課滿輕鬆的、但要記得練球,,鄭清榮
龜毛,,湯龍雄
必點、期中考及格了、期末考就放心了、好過,,蕭富鴻
好過，大一體育第一次上課給他不好印象的話會發飆XD,,陳銘鐘
老師人很好、會點名，high pass,,張宜正
排球每周分組比賽,,張宜正
小考口號、裝備穿著，可以玩垂降，期末考側爬,攀岩,張宜正
超好過,,林金杉
超好過、首節點名、沒去也會過,,沈輝雄
超好過、只要蹺課不超過5次,,朱文光
好過依舊，是個很暢談的老師,,朱文光
難過、別修她的課,,王玉西
必點名、但有事可請假、考試簡單,,郭春芍
必點，學很多，好過,,郭春芍
可請假三次,,郭春芍
必點名，他的課幾乎都需要一點基本體能，要不然上起來有點辛苦，但人很好,,汪在莒
只能三次缺課，請假也算缺課，可以找老師其他選修體育課補課,,汪在莒
人不錯，教得很認真，很喜歡考試，一學期有三次曠課機會，超過三次會當，考試沒過可以補考，,,劉佳哲
易過程度還好。,,劉佳哲
是個極端的老師，會依個人喜好讓你過，也有可能會讓你成績直接消失、狂釘你,,劉佳哲
上課風趣，上過他的韻律舞蹈還滿開心的只是不能缺課，缺一次補一次，缺三次扣考。,,劉品坊
缺課三次扣考，老師很有名!在意分數缺課去夜間補課,,劉品坊
男女想塑身認真上一定有成果，但會比較累，可以學到很多不能遲到,,劉品坊
高爾夫球要繳器材費，上課輕鬆活潑，體適能與分數自己填,,吳子揚
必點名，校外上課,高爾夫球,游至樞
非常認真的體育老師，不好選，上課較要求,,黃正一
足球課輕鬆好過，務必出席，老師人很好，是個足球悍將,,許志祥
每堂必點，最多缺課三次，體適能前比較累，之後就輕鬆，交期中報告,,陳富美
超好過，會學到很多防身術的知識或運動方面的，老師人很好，每節點,防身術,林志遠
教學有點沒耐心，只能缺課兩次,瑜珈,吳蕙米
上課幽默風趣，不會教到會,游泳,劉嘉豪
每節點，人好分數好,韻律舞蹈,溫麗香
人好，服裝要求，教的東西扎實,大一體育,許家得
每堂必點，缺四次當，服裝很要求！,,趙宸紳
上課要到，有趣！,太極,盧裕山
上課有點沉悶不過很認真教課，偶爾會用問題抽點名，無作業無報告無小考，期中期末提早考，因為是新老師還不太會抓考試難度，所以考的超級簡單，超好過,,吳昱瑩
新人上課教學認真。,,吳昱瑩
期中簡單期末很難，有差異，建議期中拚高,,吳昱瑩
有小考，幾乎每堂都有作業，會簽到或抽問當點名,,吳昱瑩
老師人很好，課程進度慢，適合沒有基礎的人修，好過，偶爾點,,吳昱瑩
好過，李90,,李人先
好過、上課無聊、講課很小聲,,李敬修
教得好、滿嚴的、不好過、萬40、but學很多,,萬琍琍
逢甲日文教的次好的老師，只是老師發音和張雪玉老師與日籍老師比起來有些差異，但是老師會用英文來講解日文文法，對初學者來說可能比較好懂。,,張雪玉
這學期開始不需交報告，作業只要寫課本裡的就好，跟著步調走，基本上不難,,張雪玉
教得很好、很嚴格、非常不好過、張30、but學很多,,張雪玉
逢甲日文教的最好，出身日本東北大學國語學系，所以發音很標準,,張雪玉
標準有稍微降低。,,張雪玉
可以學到很多，考試不考選擇題，沒唸真的不會，題目滿多的，是個很認真的老師，認真可以學到很多,,張雪玉
上課非常仔細，選課常爆,日文,張雪玉
教學方式活潑，每堂都要簽到，有口試有小考。,,陳雅暄
上課考試都很簡單，但學不到甚麼,,陳雅暄
教的很好，建議完全初學者跟著老師，建議完全初學者跟著老師學，每堂必點，有兩次小考，期中期末，選書選的不錯，有口試，跟著老師的進度走會很學到很多且考試不是大問題。,,陳雅暄
上課活潑不錯，簽到/固定座位，觀光日語建議有點基礎,日文會話/觀光日語,陳雅暄
躺著也過分數高，老師不太會教，學不到日文，選課請斟酌。,,紀惠珍
駐日大使館主任退休，老師精通很多日本企業和官場文化，而且人脈很廣，考試前會有複習課，分數很甜，與其說是在教日本語，不如說是在教日本文化，如果有要去日本留學，可以跟老師打好關係，拿推薦信!,,黃煇慶
非常好過，分數高輕易9x，老師人又好,,陳俊廷
完全不知道上課在說甚麼，想到甚麼就講甚麼的老師，期中期末至少要背80個日文單字，還要記住漢字怎麼寫，文法也不知道再說甚麼，是個人很好的老師，但不知道他在幹嘛，老試題目頗難，要認真背。,,李金娟
上課喜歡放CD聽單字，建議有些基礎的再修,,李金娟
老師人好，講義內容不錯，但建議有點基礎,漫畫日語,李金娟
比較難，要有基礎,商用日語,李金娟
每節點，討厭遲到翹課，常小考，期中期末都是考課本內容，有念有分，適合學習基礎,,郭毓芳
教的基礎實用，只要有五十英基礎應該滿好懂得，算好過,日文會話,郭毓芳
老師人不錯，必點，不喜歡翹課，可學基礎,外文系日文,郭毓芳
幽默好笑，注重發音，對學生很好，分數ok，大推,日文,楊謦琦
教的不錯，考試不難，不及格有補救,日文,林盈萱
教的好、滿嚴格的、可學到很多,,周美麗
幾乎上二次課考一次試、但內容簡單、有念的話80分不是問題、期中期末考時就輕鬆了,,史學慧
超好過、大熱門、很難選到,,謝華慶
普通，上的好，作業要求都要做，有點嚴格,,劉鼎清
有上菁英學程，教的不錯，有自己的原則，分數大概80上下,,楊宜芬
有上菁英學程，教的很好，分數普通，可以學到滿多東西的,,施惠家
不好過，功課很多,,李森
上課有趣，分數普通,,Matthew
上課沉悶,,Murphy
上課小無聊，但還OK，簽到,,凱達西
作業很多，但可以學到很多東西，上課也有趣，只要有去上課，分數算好拿,,文庭樹
老師超級moto_cycl_，自我感覺良好，請假還是算缺席，請同學斟酌選課,,唐蕙屏
偶爾小無聊但老師人很好，認真學可以學到很多東西，要分組作報告與有小考。,,張淑英
上課有趣，課堂氣氛好。好過，有許多加分機會，需要看英語小說，會有小考,英文中級,麥科立
每節必點，重小組討論，盡量不要缺課，老師人很好教的詳細清楚，可學到很多，每節課最後有聽歌填空,,陳函瞳
人很好，幽默風趣，上課必點，偶爾會小組討論或玩遊戲,英文高級,唐西恩
教得很好，很活潑，會跟學生有互動，基本上沒甚麼壓力,外文會話,唐西恩
上課有趣，必點，分數好,,唐西恩
外籍老師，簽到不點名，人很好，考試也不難,英文會話,藍文蒂
教的普普，常點名，人還不錯,應用英語,林珍珠
重點名，會抽人英文問答,,李希奇
少數英文課能用英文清楚教學的老師，上課很認真不能睡覺，常常為同學著想,,陳惠玲
給的分數,,王淑真
分數普普，沒有特別高,,王淑真
老師人好，但有點健忘，遵照上課發的大綱準備就不難過，會要求學生和助教對話，分數給的不錯，幾乎點名,商英,王雅慧
老師人不錯，靜宜大學老師，每節點名,大一英文,陳翠蘭
頗用心對學生還不錯的老師，每堂必點但很好溝通，滿為學生著想的老師,,周玉楨
老詩人好，常點名分數高,,王柏婷
老師上課可能較沒耐心，考課本，不難，不能遲到,,林依蓉
面試分數不低上課不點名人好,英文,楊秀慧
分數算不錯，從基礎開始教,英文,許展嘉
考試不難，教學活潑有趣,英中,余詩芸
上課偶爾簽到點名，期中期末不難，高分好過,,黃青雲
好老師，上課認真，隨堂考有加分，不懂教到懂。,,魏傳昇
有修到魏老師的課，真的是上輩子燒了好香，偶爾課堂小考，加分用，老師人很好,,魏傳昇
不認真上課的話就不好過,,魏傳昇
綜合班，重視出席率，要認真上課，考試可以攜帶A4的紙一張，想寫甚麼筆記或之前的講義都可以，,,楊懿淑
整體來說好過,,楊懿淑
鬼之大刀，非常重視上課態度，一刀半班，絕不手軟,,張志鴻
最好算刀，就算都沒去，微積分期中+期末100分以上就過了...,,張志鴻
何況還有作業加分，考不好就認命點多交點課堂筆記,,張志鴻
有同學反應曾經用投影片教學，等到改回板書，微積分也回不去了,商二微積分,張志鴻
不刀,,張志鴻
上課有趣，認真上課多算題目，期中考個八十不是問題，不算大刀，筆記好理解,微積分正課,張志鴻
攻略方式：上課坐前面認真讓他記住你，抄筆記、交加分題，多問問題，上課態度重要，有態度必救,微積分,張志鴻
正常班會加分，綜合班不加分，上課抄筆記，考前會說考那些題型，題目不難也會提醒公式，有認真算就容易過，但不認真大四也照當。,,方瓊苑
簽到，人超好，考試前會洩題，上課不能說話太大聲,微積分,張桂芳
上課節奏快，老詩人好，分數不錯,微積分,林英志
教得很好，人很有趣,微積分,張其棟
教學認真，點名盡量全到考試不要太誇張都會過,微積分,黃同瑤
教學認真值得推薦的好老師,微積分,黃同瑤
上課用心，筆記要抄，算好過,微積分,陳宏賓
很會教，好老師!上課認真都有分數,微積分,林宗志
有難度，會當人，有點英文基礎好!,微積分,林維鈞
不難過,微積分,林彩玉
聽說好過，但經驗上老師上課無內容，問問題不回答，考試未提前說要印複習卷，羞辱全班，萬一不小心遇到請期中投降,,廖啟照
點名用簽名的，都有到，期中期末交個心得兩篇,,郭錫陽
老師上課都播影片，自己都在神遊，問問題會聽不太清楚，要扯開嗓門才聽得到！,,郭錫陽
老師人很好，PPT上課，期中期末有寫有分數好過,環境科學概論,呂晃志
人好、但也會當人,,賴昆榮
好過、讀筆記,,胡士文
教的很好，彭大刀；新增：教得很好，上課有趣，想學經濟的必選，點名看心情，作業不能缺交，缺交當,,彭德昭
不好過、無聊、不知所云、期中考有考古題,,鄭保村
為人怪怪的、點名全到、就差不多會過,,朱弘毅
抄筆記、好過點名有到會加分、期中考考古題,,陳至還
不難過、印象成績重,,陳瓊玲
好過,,鄒繼礎
算好過,,徐繼達
上課抄筆記，筆記以後看會很有用,經濟學,徐繼達
期中期末都考四題問答，都是上課內容，有唸有分,個經,徐繼達
教學十分認真，每堂必點！,經濟學,徐繼達
超難過、上課教基本、考試考應用,,陳善瑜
算好過吧，給分還可以教的不錯,,陳善瑜
教的普普、實習考試超多,,王葳
教得很好,,王葳
講解仔細，有上課不難過,,李文傳
點名全到平時成績全拿，期中期末全申論，考題就上課PPT有唸有分，會去實習法庭,法律經濟學,李文傳
老師人好，上課也不錯,經濟學,李文傳
來校兼課的檢察官，不刁難，重出席，人好有耐性,行政法,施清火
滿常點名，人親切，上課講解清楚，算中規中矩,,劉宗欣
偶爾點佔分高，上課輕鬆有趣,國際金融學,劉宗欣
人不錯也會教,民法概要,廖重宏
新進教師，上課滿有趣的並且會自備PPT，講課清楚，不會難過。,,蔡欣甫
似乎是外聘教師,,楊坤峰
目前是合經系系主任，每節必點，超討厭翹課的學生，翹課和代簽都容易被當，教的OK，普通好過，分數給的和平常表現及期中期末考出來的分數差不多,,楊坤峰
痛恨玩手機的人，容易過的程度普普,,楊坤峰
千萬不要選、但可學很多,,高秀蘭
是一個教得很好的老師，板書很多很詳細，老師人很好，其實期中期末不要太糟都會過,,高秀蘭
比以前好過一點，上課遲到會被罵,,高秀蘭
假日考試，有打工盡量別修，上課很詳細，有筆記有考古題有講解，有稍微變好過,,高秀蘭
超麻煩,,吳榮彬
雖然麻煩但很有趣，可以學到東西，不會因為成績不好罵人，會因為態度差大罵學生，不論是老師為人還是上課方式都和一般老師很不一樣,,吳榮彬
上課雖然麻煩，但不太會當人，可以學到很多，以前脾氣不太好，但現在改很多了，較不注重考試，重作業和報告,,吳榮彬
還不錯、都考課本習題,,李文炯
只要有點名的值日生有到就好了,,黃焜炎
大佛心，超好過，期中自己命題很簡單,,吳進家
抄筆記,,林文欽
認真教學，老師很可愛，脾氣很好，自己會做PPT，好過,,林文欽
淺顯易懂，好過的老師,統計學,林文欽
好過，必點，上課別說話,,林文欽
人好、但也會當人,,賴昆榮
教學認真，考試考古題居多，會換數字,,賴昆榮
老師人很好，上課很認真，好過，基本上成績不要太悽慘，都會過,,林麗芬
考試都考考古題，分數看心情，有點龜毛，板書有點難懂,,王迺聖
上課用自編講義，聽不懂老師會再說一次，偶爾有小考，簽到，老師人不錯，不太當人,,王婉倫
大刀，必點，上課請認真!,統計學,周宜強
人好，題目練習有寫對有加分，教的清楚易懂,統計綜合班,康照宗
考試給題庫，老師人不錯,應用數理統計,張育瑋
會當人、上課要很專心、作業超多，目前為系主任。,,江耕南
好過、讀筆記,,胡士文
教的不錯，可以學到東西，解釋得很清楚，期末分組報告每個人都要上台兩分鐘,貨銀,林昆立
少點，認真抄筆記!考試不容易,,林昆立
最近越教越好，上課必點，喜歡說些課外的，會依照同學狀況調整,財管,蔡佳芬
人很好，用PPT上課，不知所云，期中考不好會全班補考，期末分組書面報告,財數,陳麗君
人不錯，愛聊時事，分享他的學生時光，用講義上課，考筆記內容，有背有分，人少才點名,個總經,洪偉峰
外聘教師，上課抄筆記，考試考筆記內容,商事法,陳奕勳
人很好，每兩周有一次小組報告，學完會對excel很了解，偶爾點名，重視出席,財資,劉炳麟
人很好，重視上課態度，考名詞解釋跟課本裡的習題F,保險學,李君屏
期中延後考，期末提前考，可考三個小時，有期末分組報告，有萬年筆記，教的不錯，可學到東西,,楊明晶
好過，成績有商量空間，考題難，分數會微調，上課有點無趣，請斟酌,,王佳真
幽默風趣好老師，凡事有商量空間，有實際操作零股的部分,,簡正儀
考試作業上課都會提到，專心上課就差不多了,會計學,吳東憲
考試不難，上實務!,銀行實務,徐慧敏
人很好、偶爾點名、教得尚可,,王綺亞
主教會計，上課不怎麼樣，但如果常常和他互動會有印象分數，每節必點，以小小考為點名，所以就算是,,賴炎卿
白卷也要交，點名比重超重，都有到就好過,,賴炎卿
教得普普，但是人本身很有趣，會記學生的臉跟學生哈拉，重點名，挺好過,,吳朝欽
每節必點，會寫座位表，不允許遲到，成績給的不錯，上課不要玩手機,經濟學,吳朝欽
人好、教的也好、成績不低、但會抽點名,,劉南英
人很好、教的不錯、必點、考習題,,游慧光
教的比補習班讚、多考考古題、不過考古題太多了、不是很好抓,,王國台
要把握小考,,王國台
教三個班的小考題目幾乎一樣、而且也幾乎和期中期末考題目一樣、所以不要選第一個考試的班就好了,,謝耀智
似乎將學生看成法律系的來教、有分組報告、分數不高、記得我們那一屆期中考最高分70,,李惠宗
很有個性的老師、期末考筆試、不知如何下筆,,朱覺民
是成會助教、人好、教得觀念更好、點名加分用,,曾秋梅
人很好、教得也好、有考古題、但不一定有用、不好抓題目、有報告,,黃瓊如
幾乎不點名，上自己的講義不必買書，喜歡出考古題，期末比期中重要,財政學,黃瓊如
財稅系名師兼大刀，上課內容十分充實且教得很好，以前很難過，現在是還好，只要認真讀就會過，如果是財稅系的同學,,洪國仁
建議必修，這樣你的稅法才會扎實，目前人慢慢變好中，不像以前那麼難過，還是建議外系不要選老師的財政學，會崩潰。,,洪國仁
目前僅教租稅法，算大刀,,洪國仁
老師人很好，上課很認真，教的還不錯，是年輕的老師，偶爾點名，會不會一切看個人成績,,許慧雯
老師很親民，課程中會測試同學學習狀況與成效，可以輕鬆學財管，好過,財務管理,陳盛通
財稅系副教授，主教經濟類，上課認真生動，不喜歡當人，還算好過,,陳盛通
財稅系副教紹，上課不要太吵，基本上做甚麼都不太管，幾乎每節點，喜歡出課本上的題目，做熟算好過，管理考選擇，好過,,曾子耘
上課輕鬆人好，但期中期末考試要讀的仔細，有難度,管理學,曾子耘
超級大佛，記得交作業,個經,陳清河
好過,,黎自奮
超囉嗦的老師、作業很多,,戴嬋玲
超好過、有保險學基礎修較好、否則分數雖高、卻沒學到東西、上課無聊 聽說會突然暴走，暴走後會隨機當人,,龐寶宏
其實教的東西並不是無聊，而是太深奧了，程度不夠反而聽不懂,,龐寶宏
超認真的老師、內容豐富、不錯的課,,莊建中
超無聊、考選擇題、分數很高,,呂瑞秋
雷，規矩多，分數普,個經,呂瑞秋
不點名,,蘇雲華
他的課除了必修外、不要選、煩人財金系,,陳振金
教得不錯、易懂、可學得多,,陳長城
會當人、上課要很專心、作業超多,,江耕南
很好過,,黃建鋼
老師年輕，愛說笑，上課輕鬆幽默，用PPT上課，當倒數五人,,曾鹿鳴
保險法上的很好，算是生動活潑，別得罪老師，喜歡給予學生打氣，上課要回應老師,,吳瑞雲
人很好，冷笑話之王，作業一定要交，遲交也要補交，考前會重點提示，上課有點無聊，分數普通,,洪介偉
分數很高，喜歡學生熱烈回應,,謝偉國
報告做的完整認真分數就高，上課內容較為艱深,保險會計,康淑珍
年輕女教授，教的不錯，不太當人，人很好，偶爾說笑話,,黃雅文
上課常遲到，常請假缺課，不太教東西，有點讓人摸不著頭緒的老師,,謝明宏
實務界退休任課，重實務，只有期中期末,,鐘玉輝
有難度，外系請慎選,精算實務與軟體,張智凱
現在已經退修，在學校兼任，很無趣，不點名，期中期末各50%，不知所云,,鄒季博
不好過，考試會給重點但多的嚇人，上課必須照號碼座,通識/經濟與生活,陳俊卿
人很好，農經相關的老師，作業有交的話分數會很高，是一個很健談的老師，龜毛這點其實還好,,楊明憲
教得好、考試普通，少點名，有點嘴砲,,謝登隆
抄筆記,,林文欽
大佛心，超好過，期中自己命題很簡單,,吳進家
好過,,陳美夙
睡很大，很無聊聽不懂在上什麼......都考考古題，找學長姊拿,,施雅琴
不用買書，考筆記，期中考前會洩題，簽到表雖然沒分數，但最後會一次全部送教官,,宋健治
教的不錯，但似乎退休回來教課，帶的班不多,,羅慶龍
教得好，分數也不錯，國貿系系主任，可以HIGH趴,,江怡蒨
系主任卸任,,江怡蒨
英文上課、但會解釋、管理學報告超多,,陳香加
常點名、上課不要遲道,,謝信芳
嚴格、但教得很好、英文教學,,朱海成
上課滿輕鬆、但考題不好寫,,金大勇
貨幣銀行學教得還不錯、國際金融較難,,蕭欽篤
老師教學認真、教得不錯、一學期一次報告,,林延機
一定有一次報告、偶爾點名,,簡士超
很少點名、考試會勾題目、分數給的不高,,楊志誠
只要有點名的值日生有到就好了,,黃焜炎
年輕的老師，很前衛，報告要小心被噹爆，對報告要求高,,羅芳怡
管理學學得非常紮實，對未來非常有幫助，推薦,,羅芳怡
已經跑去行銷系，上課很有趣，考試不好考，考選擇，有難度，簽到,,李元恕
上課認真步調很快，分數照規定走，跟不上會有聽沒有懂，會點名,,梁馨予
不想多說，不建議修她的課,,梁馨予
教學認真，上課內容豐富，分數不錯，偶爾點名，推薦,,邱世寬
擔任國貿系系主任,,邱世寬
教學普通，新老師不熟悉學校考試制度...改考卷有自己的一套標準,,王偉霖
教學認真，報告頗多但學起來很紮實！考試分數高......,,曾鼎翔
教學認真，上課會洩漏考試題目，基本上就是背多少有多少分，平時會跟同學分享自己的經驗以及,,林呈昱
各項比賽、實習等資訊，推薦,,林呈昱
是個很認真上課可以學到很多東西的老師，俗稱徐小刀，但遵守他的原則，就不會當人，厭惡遲到的學生，三次缺課會被當，考試前勾題，會有點累但十分推薦的老師,,徐瑞玲
國貿系的學生對於國貿相關的基礎內容、丙級檢定等等請一定要選他的課，非常專業又認真的老師,,徐瑞玲
相關科系想學到東西一定要選他，雖然稱徐小刀，但不會當太多人，基本的原則有遵守就沒事，其實很好溝通，人很可愛也很好,,徐瑞玲
曾經是職場上的女強人，關於國貿相關的東西與商業英文等等，都有相關的實務經驗，可以學到東西，要求也是不少，最好她說甚麼就照做甚麼,,黃秀英
老師人很好，專業領域與行銷相關，常分組報告，上課可以學到不少東西，鼓勵學生多發言，老師會和學生意見交流，報告有交，考試不要太混，要過基本上不難。,,吳廣文
好過，貝多芬，請參考,國貿實務,劉翁昆
必點，上課認真回答有加分，作筆記!不接受求情,經濟學,許鈺珮
大二必修，偶爾點，和經濟學授課方式相近,國貿理論與政策,許鈺珮
人好，但有點碎念,經濟學,許鈺珮
人好上課幽默風趣，上多少考多少，不接受求情，必點,行銷管理,林呈昱
視覺傳達與品牌識別，不點名，每周電腦作業，期中上機考，幾乎有交有過,,程英斌
行銷系，上課很有趣，考試不好考，考選擇，有難度，簽到,,李元恕
好老師，上課有趣，考試有唸書就會!,,李元恕
一定有一次報告、偶爾點名,,簡士超
老師人很好，有些課要交心得，每節課點名，但真的可以學到很多東西,,丁美靜
英文授課，必點,產品設計,丁美靜
外系選修請小心，分數計算方式須自己注意,策略行銷,丁美靜
上課自由度高，強調讓學生發揮,創意學,丁美靜
新老師，人不錯，不會刁難學生容易相處,,寇敦智
老師人好，簽到，交作業報告就過,,林志煌
著重實務，寫企劃、創意發想，外系因分組會有問題，請慎選,品牌與行銷文案設計/廣告設計,林志煌
有時點，人不錯，請踴躍發言,,何晉瑋
屬於較學術性質的課程,廣告與行銷溝通,王婉媜
考試不難，上課輕鬆又學的到東西，外系也歡迎,銷售推銷學,湛明暉
老師人很好，上課很認真，教的還不錯，是年輕的老師，偶爾點名，會不會一切看個人成績,,許慧雯
對於會計系學生要求嚴格、其他系則不會。,,康淑珍
對會計系學生要求嚴格，外系同想修中會建議修財金系中會會比較好過。,,康淑珍
不點名、老師人很好,,黃娟娟
上課簽到，好過,,黃娟娟
不知所云的課，會點名，老師人很好這點保留意見。,,黃娟娟
幾乎必點，叫得還可以，但不一定會歐趴,,黃娟娟
碎碎念用PPT教學，有寫黑板補充的時候會寫得非常亂，會一直睡,,黃娟娟
幾乎每堂課都點名、上課要專心,,吳恆惠
以下更新資訊為2013.05.24 by#23會計小丹尼 提供,,吳恆惠
選修簽到，不點名，偶爾會晚下課。,,張森河
會計系大刀，上課不能遲到、吃東西，不然會被罵成「垃圾學生」，,,鄭佩玉
課本如有錯誤，老師會罵作者是「白__」外系同學千萬請斟酌選課！,,鄭佩玉
課堂都念課本，期末會調分,,高惠松
好過，但是一章節都會勾20多題習題，每次考試約四章，所以準備起來滿硬的!,,王光華
但是題目多半跟習題一樣，約有40%選擇題題庫。,,王光華
高會大佛，上課抄筆記，偶爾會分享生活趣事，高會爽過絕對首選!,,林嬌能
已非大佛,,林嬌能
老師說自己慈眉善目，不點名、不當人的老師。考試都從小考出，期中考、期末考,,鄭春福
要考一百分選鄭老杯杯就對了!,,鄭春福
一個很自我感覺良好的老師，請斟酌。,,張文超
個人認為教得很好，一點都沒有自我感覺良好,,張文超
上課全勤但成績不好的話還是會被當,,張文超
想要學好審計學，選老江的課準沒錯!,,江向才
可學到很多東西，期中期末考內容都是參考國考,審計學,江向才
老師上課有趣，而且會包含會計實務內容，但是也會當人！,,蕭子誼
課上的超好，人也很好，從來不點名，還會告訴你東海哪裡好玩。,,翁慈青
現在會點名囉，但還是超級大佛+天使。,,翁慈青
大推！人正又會教,,翁慈青
會計系公認的天使，上課很認真，內容都慢慢教，一定會聽懂，老師常常會分享要去哪裡玩要去哪裡吃，大推！,,翁慈青
新聘專任助理教授，之前為本系兼任教師，管理會計好過。,,陳光政
上課有趣，大推好過，選課還不一定會選中。,,許義忠
可以聽到老師分享實務，學很多大推!,國際貿易與匯兌,許義忠
有問題可以跟老師討論，例如作業或分數比例等問題，推好過。,,賴永裕
老師人很好，報告繳交日期可與老師討論，喜歡同學踴躍發言都會加分，不當人。,,張瑞元
注重同學出席率，期末可繳交加分心得或報告，考前會在臉書幫同學加油打氣。,,張沐雲
套裝軟體ACESS，選修好過，另於企管系友開設資訊網路，好過大推。,,林正彬
統計學，熱愛小班制，討厭大班,,吳恆惠
講話有點囉嗦，期中考考差的話別太難過，期末考有大幅度進步基本上都會過，面惡心善的老師。,,吳恆惠
上課有點無趣，作業考試分數不高，最後五六個同學要小心,公司及票據法,鄭竹君
老師人不錯，每堂課都點，沒甚麼考試,會計學,蔡旻秀
請參考留言#157,,蕭珍琪
教學還可，建議可以很專心上課的人選，偶爾點名,會計學,曹秀惠
上課照PPT，內容跳來跳去有些不清楚不好懂，但分數給的鬆也不低，算好過,綜合班,林惠美
推，老師人好，改考卷彈性，助教不錯,大一會計,林惠美
人非常好，非常關心同學，講解清晰會提醒同學小地方,會計,盧鈺欣
上課風趣教學仔細,會計,施念恕
有口音，上課內容可能會聽不懂，但成績還可以,會計,李滿春
老師人不錯，但上課東西不多，學分好拿分數高,民法概要,黃承啟
人不錯、一定過、作業多又嚴、可學會寫一份好報告、會學很多、but很累/好過，幾乎都晚上課，看電影寫心得上台發表，輕鬆學管理,,劉平文
好過、不會當女生、課無聊、人很怪,,李柄南
好過但每節必點/已退休仍有兼課，好過，點名重要，有自己手寫講義，期中期末前勾題目，背多分,,劉樹澤
好過、但成績不高、老師混、不去上課沒啥差,,陳豐作
普通、對女生很好,,劉玉琰
無聊、不見得會pass、比照會計系“陳俊卿、的備註,,廖東高
教的不錯,,李成
人帥、教的還好、別修他的“作業研究“,,林豐智
"一定要聽課、不點名、考填充題、非常難過、是個大刀/企管傳說中的""必修""大刀!!! 選修佛心來的",,滿肇怡
除非電腦程式底子好、否則別想不開,,徐沅鍚
還不錯/人很好，心理學博士，80UP,,張美燕
還不錯/又稱企管大神，很好過，老師人也很好80UP,,曾欽正
好過、分組報告，人好上課用PPT，偶爾點沒期末考，分數不錯,管理學,曾欽正
很好過，喜歡學生上台發表 2014.07.19更新 已調職,,張嘉雯
期中期末考考前都會發模擬試題,,張嘉雯
如果報告來不及或是忘記做，都可以補報告! 管理學沒有當人，希望同學透過報告了解課程內容。總歸一句，大推！年輕、好過！,,張嘉雯
上課幽默，人很好,,鄭孟育
上課平平，乖乖上課不刁難學生，也很好過,,黃文柔
作業可能會有點多,,黃文柔
有越來越多報告的趨勢，會使用反抄襲!,,黃文柔
上課跑BOSS,,蕭國鐘
有些浪費時間，講課沒甚麼重點，會過,管理學,蕭國鐘
人很好，兼課講師，很好過，有人期中考4分，老師說期末考70就給過，考前勾題，背多分,,陳柏洲
老師人超好，會和學生溝通，不太刁難人,,林正彬
兼課講師，應該是中小企業主，可愛，好過,,張清良
老師是顧問，很愛噹人，喜歡漂亮女生。,,彭信良
人很NICE，上課常會舉例、會點名、考試選擇題要做抱抱,,張聰欽
課堂會有報告，嘴巴很犀利很毒,,陳建文
可以學到很多，普通好過,,陳建文
老師非常可愛，喜歡和學生互動，小報告每星期，大報告一個,,張寶蓉
待補充,,彭信良
待補充,,張聰欽
老師是香港人很有趣，但是聽課有些不懂，板書潦草不好做筆記，有時會分享大學趣事，60分PASS不點名,期貨與選擇權,張聰欽
新老師，不點名，偶爾隨機抽點，算好過輕鬆,管理學綜合班,吳如娟
輕鬆上課，重點名，上課看電影，小組討論，有書面報告,社會資本,汪浩
字有點難懂，考試有難度，分數普,財務管理,劉文榮
有他的課必選，人超好，一定過,,姚志豪
老師個性不錯、不會太難過、但老師不喜歡學生翹課、宜常去上課,,黃敬欽
政大名師、推薦選他的課、上課內容充實、老師學識豐富,,李威熊
要背很多東西、算是比較硬的學科、且都是必修、老師不定時抽點、雖有一點難度、但認真一點又不翹課、要過基本上不難,,林聰明
政大名師、賦學大家、值得推薦化的課、學識相當豐富、沒上過會很可惜,,簡宗梧
政大名師、上課作風活潑生動、互動式教學、學識豐富,,謝海平
很好過、但是上課學到的東西不多、考試前勾題目、並且附帶研究所考試範圍、如果私底下去問他問題、收穫是可以預期的,,戴瑞坤
貝多芬，好過,中國文物欣賞,戴瑞坤
絕對好過、只要考試能掌握重點、要過不難事、老師也會分享一些旅遊經驗,,陳義成
只要考試有引原文、報告有交、絕對會過、老師常藉著上課內容來談論時事,,張才興
open book、但平常上課要注意聽、要過相當容易、老師上課方式輕鬆、但上課相當有內容,,梁煌儀
老師學識相當豐富、上課絕對有料、可以學到很多東西、很好過,,李時銘
非常要求小組報告，幾乎每堂課都會有人口頭報告，但老師人很好不太當人,,李時銘
前系主任、考前勾題目、範圍很多、但上課有聽又有整理、要過很容易,,宋建華
人很好、但是分數給的不高、在系上滿受歡迎的、只要按部就班、就可以過關了,,余美玲
人很好，報告會要求，通識課超好過，喜歡男生，期末考心得寫好一點就HIGH趴了,,張瑞芬
很好過、但上課沒有內容、只要不得罪他、考試保證很簡單,,唐文德
超級好過的、老師人很好、考試寫的工整有條理,,林孟靈
上課內容相當乏味、要交報告、考試多舉例子就會過了、不是很推薦去選他的課,,彭妙卿
其實老師人不錯,國文,彭妙卿
老師要求相當嚴格、報告要以論文形式呈現、考試要寫到重點才會高分、過程會有點辛苦、但學到的東西很紮實,,李寶玲
不好過,,李寶玲
很好過、考試自由發揮、就可以高分過關,,
很好過、人不錯、私下可以問到很多電腦的知識、雖然他上課要求不多,,呂文忠
普通好過、有點龜毛、很注重報告、要認真做、考試要認真準備整理、會抽點,,馬以謹
算好過，聽聽他說話，分數給不低，但每個禮拜要背10首唐詩，所以也有人認為不好過,,王祥齡
不好過，有點怪，有的人分數高有的人低，有可能莫名奇妙被當掉，會噹重修的人,,馬偉成
覺得還不錯，這學期我是感覺他只是感性了點，有時下課會跟老師聊聊時事，老師很認真地跟我討論,,馬偉成
我自己的評價是好的，不過就是報告要交吧，反正都蠻簡單的東西,,馬偉成
好過，點名，教的普通，人好,國文,蔡麗玲
必點，報告稍多，教的不錯，老師很有原則,國文,李靜玟
上課不准滑手機等規定,,李靜玟
講解分析很詳細，可學到很多東西，上課有一定的標準,,李靜玟
建議認真想學東西、有毅力的人選!,,李靜玟
有個性，不踩他的雷都算好過,,李靜玟
上課嚴格但有趣，有個性，想混的別來，認真可學到不少,,李靜玟
幾乎每節點名，上課有趣，會分享個人人生經歷,,王森田
活潑個性好的老師，記得簽到不要偷跑，分組報告，期中期末及格過,大一國文,林錦婷
都會點名，期中期末分數不錯，上課還不錯,國文,劉志宏
準時到會加分，期中期末考會提示，有分組作業，人不錯,國文,王正良
人很好，必點，作業大都在課堂完成，不太會當人除非常缺席,,胡淑貞
新詩很強的國文老師，考試簡單，上課詳細,,徐培晃
認真的老師，上課仔細分析課文，好老師,國文,徐培晃
分數不高，其他普,國文,徐培晃
好過，上課少點名，學校要求才點，作業都有交就過,大一國文,邵玉明
作業有交、報告有交，常點名，有些無聊，好過,國文,廖崇斐
推薦喜歡國文和喜歡和老師互動的同學去修，是個非常厲害認真的老師，會受益良多,國文,林韻柔
上課輕鬆，人很好，引導思考、聊聊社會時事，請踴躍發問,,龔秀容
大推，好老師,,馬嘉賢
老師對學生算用心，作業有交分數不錯,,蘇哲儀
好過，分數好,,蘇哲儀
人還不錯，脾氣好，有互動,,蘇哲儀
上的不錯，氣氛輕鬆活潑，成績普,國文,洪然升
人好，必點，成績不錯,國文,洪然升
上課氣氛輕鬆，但會突擊小考，簡單，不缺課不缺考好過,國文,鍾駿楠
每堂必點，人好考古題,國文,彭馨怡
上課用心認真，畫重點抄筆記,國文,張瑞麟
認真用心，不錯,國文,張瑞麟
人好可以得到人生道理，考前有總複習，大推,國文,魏猷恩
老師人親切，有交作業、考試、不缺席，分數都好,國文,林慧咨
活潑可愛的老師，分數不錯,大一國文,洪英雪
有趣的老師，人也很好，但分數普,大一國文,王惠鈴
非常推薦，人好給分大方,國文,曾愛玲
上課有趣，風格開放，老師人不錯,國文,林俞佑
不錯的老師，有互動講話潮流！,國文,林俞佑
人超好，和學生無距離，推！,國文,黃麗頻
魏晉南北朝文學超強，上課注重互動，活潑、活力分數不低,國文,周翊雯
考試考基本，有趣不難互動多,國文,陳立安
還不錯，分數好,國文,劉士民
上課畫重點講文法，考小考,外文系大一英文,彭芳美
上課英文，不用買課本PPT上課，有交作業分數都不會差,,羅珮瑄
使用自己的講義上課，有期中期末小考,英文文法與修辭,林羨峰
人不錯，上課有內容,兒童文學,林明洵
恩，不是很OK,實用英文,林憲鋒
滿好過、偶爾點名、考考古題,,賈凱傑
算還滿好過的、偶爾點名、考題為大範圍,,張健彥
經濟學全英文，考題英文選擇與是非題,,溫傑華
考試範圍較商學院少，算好過,經濟學,溫傑華
筆記要寫，考前要來，有交作業就過，算好過,,楊宗璟
佛,,楊宗璟
系選修，超好過，點名日期會告知，約一個月一次,,莊又夢
系選修，每節必點，考試勾書選內容，有背有分，好過,,王淵宗
[站場經營與規劃要出席，報告要努力寫都不難過,,朱來順
老師很好，考試會提示,海運經營與管理,曾柏興
人好不太刁難，考試有些難度但OB,都市計畫,顏秀吉
千萬不可以穿拖鞋上課！尤其是上台報告根本找死必當；新增：不要穿拖鞋，報告要認真，考試有讀有分，上課有深度且充實,,陳建元
想不過也難；新增：好過，認真的好老師，對學生不錯，考試簡單,,朱南玉
偶爾口頭點名，會簽到，期中期末考前小考，幾乎都出小考題,,楊賀雯
小組報告，比較會盯，選課請思考,,王珍玲
考試就是背法律，算是比較像補習班的上課方式,,何彥陞
跟外系比算好過了,,何彥陞
好過，做報告，考試簡單，依照老師政治偏好較好,,楊文燦
好過，上課有內容也有趣，做報告，考試不難考課本,,林宗賢
教很爛，考試背多分，做報告，喜歡男同學,,謝靜琪
上課前會說清楚規則，貝多芬，認真上過可以學到很多東西，舊評價請參考就好，事實上老師還不錯,,謝靜琪
好過，上課簡報會放網路，靠是考簡報內容，有血有分,,吳明雲
必修很專業，選修很親切，重報告與考試成績,,李瑞陽
好過，做報告,,鍾懿萍
上課輕鬆，很會教，報告認真做期末給分大方,土地經濟學,沈明展
看分數盪人，出席重,,洪本善
每堂必點、二次不到就當人,,戴玲
分數不握，考古題重要,測量學,陳清標
畫素描，好過，老師滿厲害的，喜歡帥哥,,王怡然
西洋建築史權威，內容豐富，需上課認真，不點名，超大刀,,陳格理
油畫，好過，基本上想畫甚麼就畫甚麼,,羅榮源
好過，有報告，作業，對其他系來說稍微麻煩，外國建築旅遊介紹,,宋玉真
好過，考上課PPT，介紹綠建築案例,,羅仁豪
教的超好，好過，但可能不教了,,劉佳鑫
好過，藝術家來著，個性漂泊,,林建隆
綠建築概論好過，分數不錯，需上課,,趙又蟬
素描課好過，每節課都要交一張素描作業,,魯漢平
考試要自己練過多遍，上課不是很OK,,杜方中
上課簡單，點名,室內裝潢設計,黃煥堂
上課有趣有內容，每堂點、OB好過,都市計畫概論,高孟定
好過,製圖學,莊永忠
老師人好，好過但分數普通,空間資訊概論,莊永忠
好過bj4，分數好,網際網路地理資訊系統,辜文元
上課風氣自由，鼓勵討論,市政學,劉曜華
找與建築領域相關的權威人士來演講，會點名，要報告，內容豐富，系主任都會到,,劉曜華
建築系必修，熬夜爆肝都是為了他,,劉曜華
預報準時交，上課別耍腦__，要準時到，第一次上課會覺得他很moto_cycl_，但其實他人還不錯,,陳怡玄
算好過吧,半導體物理,李企桓
上課要認真聽，過去會考考古，點名要到,,吳俊哲
老師人超好，幾乎不怎麼當人，爽課,,孔祥萊
上課要非常認真聽，點名三次不到就GG，有用心聽才會過，沒認真等著被當,,胡苔莉
會考小考，期中期末考考古,,喻家駿
會考小考，也有考古可看也常點名,,吳智超
小考兩次加期中期末，考古勤算就會高分,,梁正中
上課需要專心聽，常點名，老師很會記人，考試貝多芬,,江康鈺
有作業一定要交，實習認真上，小考考高都有機會,,馮秋霞
好好先生，老師人超好，有考古可以參考,,黃東池
期中要報告，考試不好考，常點名，須認真聽,,童翔新
有的課是OB，老師人不錯，有考古,,簡正一
英文很重要，上課要去聽,,張立德
老師人不錯，其他不清楚,,陳建隆
上課常點名，考試考很細，超級貝多芬,,李書安
新老師上課內容掌握度較差，請斟酌,,林俊德
本系大刀 會點名 有小考 修她的課要很認真才會過,,吳純純
人很好 注重點名 期中期末考全班考差的話會大幅加分,,陳長城
會看學生上課態度決定，如果上課態度很差，考前勾的題目就會比較少,,陳長城
上課會開女學生玩笑，不排斥者可選，不難過,微積分,陳長城
作業系統，每節課必點名，考試分四次，各取20%，考試不容易，課本又厚，有時候會被老師衝康題目。,,陳鴻慧
如果不想把厚課本讀熟的同學，建議再考慮。,,陳鴻慧
如果是大肆不去上課都會過，如果是大三，上課點點名，考試他會PO重點整理在ilearn，念那個就好，考試一模一樣,,李英豪
人很慈祥、上課也很easy、不得罪他就不會被當、偶爾點名,,林玉雲
人很風趣、上課比較不會睡著、很喜歡抽問、所以課前要把之前教的複習過、花時間下去就好過、偶爾點名,,黃新峰
超級大刀、前系主任、上課會一直講、聽不懂、奉勸直接退選、不點名,,林震燦
教的不錯，人很可愛，上課抄筆記，有上課講義,微積分,林震燦
吃齋唸佛多年，大刀已鈍，考試背多分，會洩題,,林震燦
上課很細心、必時常發問、好好先生一個、但並不會加分、不點名,,陳裕益
上課很乏味、但上得內容不難、多準備不算難過,,沈秀雄
人很好、作業有按時教不偷懶、非常好過、偶爾點名,,楊建成
講話很低沈、上課不能手機、喝東西……等、常點名、超級處女座、配合一點的話不算難過,,楊基源
現在人好多了，講解詳細但速度稍慢，考前一周點名，不能缺席!,,楊基源
偶爾點名不要考太差都會過,微積分,楊基源
人好，解釋清楚，認真上課容易拿高分,微積分,楊基源
上課仔細!,微積分,楊基源
大佛,,李賜福
必點，上課沒甚麼要求，好過,微積分,葉光清
好！出席重要！,微積分,葉光清
不只是應數大佛更是逢甲之神，BJ4,,曾勵新
不點名、期末亂寫就ok,,柯澤豪
人好，認真聽可以多東西，好好念可以拿高分,普化,張志宇
人好，但上課內容稍微艱深，稍微認真應該都會過，分數普,材料學導論,洪緯璿
考試題目不難，有考古題都好說，認真上課90分沒問題,應用力學,林昆明
考筆記，貝多芬，上課認真有趣,燃料電池,呂晃志
人好，上刻有東西，有互動,產學合作倫理,李長署
好過、教得很多,,陳鍚桓
也有意見表示：教的非常少，一直叫題目題目題目loop，會常提到他認識誰與政黨相關言論,,陳鍚桓
很好過、老師人很好,,林菲
上課很難懂，要自己讀，會有小考，通常一當都是半班以上，比鬼之大刀更可怕,普通物理,陳惠玉
教學不錯，會點名，有小考作業,色彩工程學,陳敬恒
大刀，刀起來完全不調分，上課要認真!,,陳敬恒
講課聲音會大會小，簽到，必修，非好過課程,近代物理,劉榮平
很認真的老師，不要太混都會過,工程數學/電磁學,李賜福
面惡心善，上課別太囂張,,鄭漢陽
教得很好，考試好很細，要很認真，不難過，高分很難。,,王壘
工程數學，教的超好，還有錄DVD可以看，一次聽不懂可以看很多次。,,林宗志
上課一定要抄筆記，睡覺、玩手機會被轟出去，老師秉持「你對老師好，老師就會對你善良。你對老師不好，老師就會在期末考對你報仇。」老師對外系或上暑修時會變大佛。,,林宗志
普通物理，教的超好，老師的普通物理書籍，港台三地都很暢銷。,,陳錫桓
考試也都考上課的例子，只要勤做筆記，一切都是小意思，好過。,,陳錫桓
很好過、不去也會過,,楊文祿
不好過、不要選、極硬,,陳文雄
滿好過,,何子儀
滿好過、但千萬別讓他抓到作弊,,劉紹宗
會點名、很龜毛、要求很多、其實還算不錯、蠻有實務經驗,,張正滑
極硬、不好過、且會點名、三次不到“死當“,,鄭進興
很會教、不好過,,楊炳章
極大刀、非常難過、不會加分,,廖和恩
好過、什麼都不會也會過、但是會有三次點名,,王啟林
很好過、但是最好不要翹課、考前會透露考題,,黃思倫
上課枯燥乏味、會點名、考試題型固定,,柏小松
上課輕鬆，懂不懂看個人，會出作業，基本上好過,,曹嶸
好老師，好過,,劉文豐
好過,,李英德
擅長解題目的老師，考試很簡單，每節上課一定會分組討論，得要先自行預習，要不然會跟不上進度,,李英德
很好過、老師人很好,,林菲
不好過但教的很好,,楊豐瑞
教得不錯,,陳志瀅
非常好過、外號放水源、沒有小考,,楊水源
不能再叫他放水源了，如果是必修課，你又沒有學長姊的光環，還是有機率被當掉的，,,楊水源
聽說沒以前好過，但整體還是OK的,,楊水源
好過、上課無聊、老師不太會教、但考題固定,,何滿龍
難過又不會教、不推薦修他的課,,孫建文
好過、分數高、但會小考,,梁寶芝
很會教、不好過,,楊炳章
要很認真上課，可以學到很多東西，老師教得很好也很關心學生學習，不點名部小考，會出題給同學做報告，可以不教，但交了老師有說這門課一定會給你過，期中期末考要有本事考過平均，沒過老師一定會當,,楊文祿
可以學到很多東西，教得很好也關心學生學習，每節課傳簽到單，教完每章節會小考一次，考課本例題，好不好過見仁見智,,李景松
老師對學生非常好也很會教，每節課傳簽到單，會點人數，把小考考題都搞懂期中期末考一定,,劉堂傑
可以及格，但還是會有一些變化題，全勤加都考平均分左右一定過,,劉堂傑
老師教得很好，原則上有全勤加上小考都有考到，期中期末即使沒到平均也能讓老師放你過，但認真學期還是可以學到很多東西,,簡鳳佐
偶爾點名，過去老師盯學生盯得很緊，期中期末不會加分，沒過就是沒過，但摸著良心說，老師真的教得很好，只是老師每次考試都能抓到學生的弱點，有聽說最近洩題開始變多,,林宗志
有同學補充說明，林宗志老師正常來說都要修兩次?,,林宗志
想混的學生就避開吧，但有心想學的，非常建議推薦這位老師，可以學到很多,,蕭敏學
上課十分用心的一位教授，考試都從筆記裡面出，老師會幫大家重點整理、考前複習，好過,,林成利
上的很好，認真學可以多東西，沒買課本的話筆記一定要抄，考試週前一節會重點整理與提示，個人覺得好過，期中期末考的好，上課都有到，分數不會少給，說難過的可能是太混,,楊炳章
上課很無聊，每節課都會複習上次上的，每次說的重點位置都不太相同，聽聽就好，原則上有全勤有過,,施仁彬
上課很無聊，喜歡秀自己的新玩具，原則上也是全勤，期中期末不要提早交卷，比較不會有危險,,王啟林
全勤就會過，上課回答三次問題，平時成績滿分，即使期中期末低於平均老師也會讓你過,,曾憲輝
不好過但教的很好,,楊豐瑞
注重出席率，期末考高就會過,,楊豐瑞
千萬別作弊,,楊豐瑞
不踩到他的地雷就沒事，上課不能玩手機、不能睡覺，老師人很好，對學生教學很用心，其餘請參考留言#169,,楊豐瑞
教得不錯,,陳志瀅
期中期末考考題會變化，有點硬,,陳志瀅
上課狂解題目，速度要跟上，不是特別好過,工程數學/微分方程,陳志瀅
好過、上課無聊、老師不太會教、但考題固定,,何滿龍
電子學只考例題與練習題，不管他說甚麼別管他看他上課勾的那幾題就對了,,何滿龍
比起辛紹志偏難實際分數難看，但會依比例調分,,何滿龍
講到重點時聲音會變得非常小聲，聽他上課很累,,何滿龍
教學方式有些奇跁，全勤會過是騙人的,,何滿龍
極大刀、非常難過、不會加分,,廖和恩
不好過，不會考考古題，很硬,,廖和恩
期中考考差要注意期末考，考高老師有可能會幫你加到過，不點名,,廖和恩
電磁學考試簡單好過，要上網站與交一份小小的PPT,,廖時三
上課偏輕鬆，東西不會教太詳細，但還OK,電磁學,廖時三
電路學不建議修，課本用得不好，尤其是翻譯本與PPT都很不堪，建議修陳益生或辛紹志的，上課解法除非你每種都會，他會跳來跳去的搞亂你，已經不考考古題，期中考考小考的前幾題,,辛正和
上課跳來跳去搞得我好亂啊,電路學,辛正和
老師教得很好，會出作業練習，有寫作業和小考就會！是不錯的好老師,電路學,辛正和
上課活潑認真，課本英文會給中譯，不難過,電路學,辛正和
複變函數小考多，只有一個助教，跟何滿龍的大陣仗比起來差超多,,林維崙
用心的老師，有唸書好過，分數可衝高,,林維崙
教的很好，關心學生學習進度，認真的好老師，大推,複變函數/線性代數,林維崙
作業分數遠大於考試，不交作業也不用去考了，作業頗重。,,趙啟時
作業很重，有些吃力,,趙啟時
作業有夠多，期末分組報告，助教的課輔時間一定要去,無線網路系統,趙啟時
說OB考試卻有狀況，請考慮,,趙啟時
不管怎麼樣作業就是要準時交出去，可以OB有時候只是說說,,趙啟時
身體欠安，偶爾會翹課多體諒，只看期末考，難度看心情，部會寫程式就去被當，改修別人的吧。,,朱嘯秋
物聯網好過，機率每年做法都不一樣，有念就好過，8051有點硬,,朱嘯秋
上課很大聲，考試考很難，要考慮,微處理機,朱嘯秋
神+佛！教得好，人好講義好，有時候會點名，只嘆學生不努力。,,林立謙
有念書好過，會考考古題,,林立謙
守護通訊系的守護神之一，機率論教的很好淺顯易懂，考試不會偏難，分數也不會給的很小氣,機率論,林立謙
計算機概論考阿哩阿紮的一堆，要被英文名詞，期末成績>整學期。,,楊豐瑞
網概教得很好，書都是自己寫的有買的價值，有地雷，不求分不玩手機某幾分作業一定要交，期末考難度>期中考，不過調整分數是依據期末考，只考重點。,,楊豐瑞
邏輯設計教得很好，書都是自己寫的有買的價值，幾乎考整本，不買書等著被當吧！,,楊豐瑞
註：學長要認真點，要不然一訂死，近來已經不給學長加分了。,,楊豐瑞
教得不錯，上課要專心不能做其他事，有認真讀應該不算難過,網路概論/計概/邏輯,楊豐瑞
極大刀、非常難過、不會加分,,廖和恩
筆記占分超多，努力抄,,袁世一
電子學，考試都考上課教的題目居多，有讀要過不難,,辛紹志
期中一定要考高，期末會變難,,辛紹志
教學清晰有理，和藹的老師，推薦,電子學,辛紹志
習題很重要考試會考，上課會點名，小考要把握，全班成績不好可能會調分,,陳益生
上課教的很不錯，推薦,隨機信號分析,陳益生
老師上的滿廣泛的，題目其實不難，認真上課!,,陳益生
人好，有補考機會,,陳益生
有在上課但不太清楚在幹嘛,通訊系統,賴辰彥
人很好教的不錯,高頻及微波概論,尤正祺
電磁學大老，教的很好，絲路非常清晰,電磁學,林漢年
非常好過,,羅道正
不抄筆記沒過就是你活該,,羅道正
很好過,,林國貴
退休,,林國貴
會抽點、要交作業、好過,,徐泓洋
躺著過、坐著過還是徐老好過,,徐泓洋
好過,,黃秀芬
分數不錯，但其他普,線代,黃秀芬
作業認真做、資訊考試一定要念書、EXCEL考很難所以其他成績一定要高,,陳寅龍
考很難的計概，考試幾乎都填空，選擇很少，上excel2003，上課一定要抄筆記，期末可補考，但考更難，愛當人,資訊網路,陳寅龍
選到就只能認真念了，不然退選吧！放空必死無疑,,陳寅龍
好過！今年準備推修了!,,林國貴
離散數學/資料結構/網路程式，砍人不手軟，但基本上教得很不錯。,,劉振緒
計算機概論，教得很清晰，但很慢，作業很多，考試會融合上課和作業的題目。,,黃志銘
想躺著過的不推薦！,,黃志銘
物件導向程式設計/軟體評估與測試，教得很多很好但很快，感覺上是把三四門課當一門課在上，,,薛念林
可以學到非常多。有作業，有期中考期末考，還有期末專題,,薛念林
又稱戴媽，好過，但分數不高，教的普普。,,戴嬋玲
學不到東西，要自己讀,,戴嬋玲
躺著過，上課好睡，小考考不好沒關係，期中期末考很重要，都從小考出題，上課會檢討小考題目,,游景盛
大佛，上課無聊,,游景盛
教得好，好過，考試前都會有大猜題。,,陳青文
很認真，教的也不錯，很關心學生。考試/作業/成績都公事公辦，不調整分數，需要認真上課否則不好過。,,張貴忠
上課認真教的不錯，有趣!,,張貴忠
又稱顧大刀、顧先知，作業很多，另外當掉2/3,,顧偉倫
UNIX上課指令節奏超混亂，期中考內容大概等於辛學一種語言的基本指令，期末考大概是用這些指令+shell寫一個,,顧偉倫
小程式，兩次作業內容勘比小專題，很累，非資工的少去修，連停課公告都只放在資工的ilearn上，基本上老師不管,,顧偉倫
修課學生是甚麼系的，過的標準都一樣。但學很多有用的，前提是你有C語言基礎，起碼要能用指標或寫簡單的sort和演算。,,顧偉倫
分數計算似乎很硬。,,顧偉倫
顧先知，不會linked list千萬別修Unix,,顧偉倫
教的詳細，關心學生，主動提供考古題兩年分，考試若熟讀考古題可以拿到70以上，若要衝90以上，,,林明言
務必讀四年分的考古題。有期末專題，不算太難但需要花時間。,,林明言
教的普通，觀念一帶就過,,林明言
教的好也詳細，請自行體會,,林明言
新老師，考試考作業。但是教得不好，作業很多，可以的話請斟酌選課。,,陳烈武
考試80%從小考的題目改數字，20%從作業出。老師習慣美式教學,,栗永徽
有準備拿高分不難，但要學到東西要自己念。,,栗永徽
資安學程，老師教得很好，要拿高分，一定要在上課多回答問題。,,李榮三
教的不錯，可以學到很實際的東西，有指定小考跟公開小考，考課本裡的選擇和筆記,計概,林財寶
不太點，期中期末各考兩次，背得很多，上課念PPT,資訊網路,林財寶
考試幾乎都是背的東西，上課念PPT,資訊網路,林財寶
考試難度普,計概,林財寶
點名不計、線上測驗重要，教學中文為主,,洪維志
上課認真但可能會聽不懂,,洪維志
上很快，以為全班程度都很高,,黃溪春
有點枯燥，但教的還不錯，分數分明,,黃溪春
跟得上你會變神，每個禮拜都有功課,,黃秋煌
益文的好朋友，人好教的也不錯，不要太混算好過,,陳德生
德生的好朋友，嘴巴是大刀但人還不錯，想學學的到，想過也會過，但絕對不是躺著過,,王益文
教概念，不難，可以學到東西，不要想躺著過,物件導向設計,陳錫民
教的較無系統，重點名,資安管理,陳星百
考古、重出席，可以學到很多,作業系統,林志敏
很好過、不點名、但聽不懂,,張寧群
聽不懂，當分數最後的1x位同學,,張寧群
好過、教得很多,,陳鍚桓
好過,,林宸生
必點名，當1/3以上，教的簡單考得也簡單,,張興正
必點名，當1/3左右，四次考試兩次及格就過，考試全部都考考古題,,洪三山
教得很好， 可以學到東西，認真就會過,,洪三山
必修，當1/3以上，教的簡單，考得簡單，但改得很嚴格，不調分，選修輕鬆過,,黃建立
非常嚴肅，上課要非常專心，上課教的都會的話不難過，選修好過，但嚴肅,,黃建立
必點名，當1/3以上，點名看很正，考試有點難,,林南州
幾乎每節課點名，代簽平常成績算零分，上課非常認真清楚,,林南州
重點名，作業都有交，期中期末取一及格，輕鬆過,,鄒慶福
期中期末考，會跟小考一模一樣，看一看輕鬆高分過,,陳孝武
數位控制講解詳細，成績依考試為主，只要有上課考試就會寫，期中期末和小烤相似,,陳孝武
會點名，但不看重，考試全部考古題，輕鬆高分過,,邱創乾
會點名，不調分，上課教很難，考試看考古題，當很大,,蘇文彬
聽不懂，難過,,蘇文彬
聽不懂，請熟念考古,,蘇文彬
教的不怎麼樣，考前一節抓重點，作業有交，過的機率大,,張寧群
上他的課需要很高的理解能力，考試會考很細,,張寧群
不當人,,吳穎強
以簡單、淺顯易懂的方式講解力學，上課一定要有課本,,賴啟智
人稱大佛，上課一定會講到大家懂，考試簡單,,許煜亮
上課非常詳細，人很好，會關心學生學習狀況,,陳昶孝
教的不錯，老師人好，會調分,電路學,林昱成
教的非常仔細，必須跟上腳步!非常認真的老師,電路學,林昱成
不難，助教不錯,數位信號處理應用,林育德
非常好過,,林菲
必選！好過！,經濟學,吳美芳
還可以,工程統計,高英蘭
教的不錯，不能划手機要抄筆記,作業研究,林暘桂
高中程度考題,,李維平
"上面有提到,但喜歡隨堂考",,李維平 
"本系主神,有期中期末考",,陳錦茂 
"回去有讀考試不算太難,作業要交",,黃金鳳 
新生代佛祖，每堂一定會點名一定要到，平時成績50%，期中期末背小考答案就有60分。,,黃建霖
沒有上過他的課，聽說會提供60分的題目讓你練習，有練習考試就60分起跳。,,陳文正
纖維化學超大刀，120當70。不過界化和機能性纖維聽說很鬆很好過。,,林清安
修他的課很累，要用生命去拚分數。,,蔡宜壽
英文差的同學請避免，考卷全英、筆記全英,,白方正
有一點好過、幾乎不點名、不用上課也可以、因為根本聽不懂,,許健興
好老師、好過、不要太混即可,,吳石乙
有準時到課、上課回答問題都有加分，期中期末有念有高分,,曾怡享
棋榕BOY偉大的學分守護者，上課必點因為固定座位,,張棋榕
人好上課普，考試簡單好過,,張棋榕
猜不透loop，會管秩序包括教室外面，教室外吵鬧也算你們吵,,林永森
教得好，但是學的永遠不好，好的科目值得一修再修反正是必修,,施志欣
老師人不錯，但考試多，幾乎都有點名,化動,朱正永
點名會通知，只要有交報告來考試都會過,選,蘇啟榮
還OK，好過,,黃義欽
內容扎實，要認真聽課，考試不難，分數高,介面活性劑應用,牟隽月
系主任，人很好，上課不要在他面前睡覺，不要講話，教工圖學,,黃柏文
點名，課堂有影片欣賞，上課算輕鬆，期中期末OB考試,國防政策,卓晉良
重準時，勿划手機，點名，考試為申論題，期中期末OB考試,全民國防,黃吉益
好過，上課風趣，上課時會有許多小短片穿插上課內容，考試會考，以前修孫子兵法是打一些遊戲評分,,袁翌祥
人很好，學校事情有問題可以找他,,譚麗華
每堂必點，上課輕鬆,,洪靜茹
好過,,洪靜茹
基本分82分起跳，用座位表點名，沒到就會持續扣分。,,王朝永
分數好，上課內容實用,消費者保護法,林倖如
